Common.name,Fertiliser.after2002,Fertiliser.before2002,Synthetic.fertilizers,Food.import.export,Agric.area,Arable.land,Agric.output,Agric.value,Pesticide,TFP,Price.volatility,Domestic.food.price,Per.capita.supply,Water,Agric.inputs,AOI,Agric.value.added,Government.expenditure,CPI,Prod.Food.Price,Agric.employment,Forest.area,Red.list,Agric.emissions,NFA,Obesity,Undernourishment,Population,SDI,FAO.synt.fert,ATFP.Agric.employ,OWD.Undernourishment,WB.ILO.Agric.employ,CAIT.Agric.emissions
Afghanistan,Afghanistan,Afghanistan,Afghanistan,Afghanistan,Afghanistan,Afghanistan,Afghanistan,Afghanistan,NA,Afghanistan,NA,NA,Afghanistan,Afghanistan,Afghanistan,Afghanistan,Afghanistan,Afghanistan,Afghanistan,Afghanistan,Afghanistan,Afghanistan,Afghanistan,Afghanistan,Afghanistan,Afghanistan,Afghanistan,Afghanistan,Afghanistan,Afghanistan,Afghanistan,Afghanistan,Afghanistan,Afghanistan
Albania,Albania,Albania,Albania,Albania,Albania,Albania,Albania,Albania,Albania,Albania,Albania,Albania,Albania,Albania,Albania,Albania,Albania,Albania,Albania,Albania,Albania,Albania,Albania,Albania,Albania,Albania,Albania,Albania,Albania,Albania,Albania,NA,Albania,Albania
Algeria,Algeria,Algeria,Algeria,Algeria,Algeria,Algeria,Algeria,Algeria,Algeria,Algeria,Algeria,Algeria,Algeria,Algeria,Algeria,Algeria,Algeria,Algeria,Algeria,Algeria,Algeria,Algeria,Algeria,Algeria,Algeria,Algeria,Algeria,Algeria,Algeria,Algeria,Algeria,Algeria,Algeria,Algeria
American Samoa,NA ,NA,NA ,American Samoa,American Samoa,American Samoa,American Samoa,American Samoa,NA,NA ,NA,NA,American Samoa,NA,NA ,NA,NA,NA,NA,NA,American Samoa,American Samoa,American Samoa,American Samoa,NA,NA ,American Samoa,American Samoa,American Samoa,NA,NA,NA,American Samoa,NA
Andorra,NA ,NA,NA,Andorra,Andorra,Andorra,NA,NA,NA,NA,NA,NA,Andorra,NA,NA,NA,Andorra,NA,NA,NA,NA,Andorra,Andorra,Andorra,NA,Andorra,Andorra,Andorra,Andorra,NA,NA,NA,Andorra,Andorra
Angola,Angola,Angola,Angola,Angola,Angola,Angola,Angola,Angola,Angola,Angola,Angola,Angola,Angola,Angola,Angola,Angola,Angola,Angola,Angola,NA,Angola,Angola,Angola,Angola,Angola,Angola,Angola,Angola,Angola,Angola,Angola,Angola,Angola,Angola
Anguilla,NA,NA,NA,NA,NA,Anguilla,NA,NA,NA,NA,NA,NA,NA,NA,NA,NA,NA,NA,Anguilla,NA,NA,Anguilla,Anguilla,Anguilla,NA,NA,NA,NA,NA,NA,NA,NA,NA,NA
Antigua and Barbuda,NA ,NA,NA,Antigua and Barbuda,Antigua and Barbuda,Antigua and Barbuda,Antigua and Barbuda,Antigua and Barbuda,Antigua and Barbuda,NA,Antigua and Barbuda,Antigua and Barbuda,Antigua and Barbuda,Antigua and Barbuda,NA,NA,Antigua and Barbuda,NA,NA,Antigua and Barbuda,Antigua and Barbuda,Antigua and Barbuda,Antigua and Barbuda,Antigua and Barbuda,Antigua and Barbuda,Antigua and Barbuda,Antigua and Barbuda,Antigua and Barbuda,Antigua and Barbuda,Antigua and Barbuda,NA,NA,Antigua and Barbuda,Antigua and Barbuda
Argentina,Argentina,Argentina,Argentina,Argentina,Argentina,Argentina,Argentina,Argentina,Argentina,Argentina,NA,NA,Argentina,Argentina,Argentina,Argentina,Argentina,Argentina,NA,Argentina,Argentina,Argentina,Argentina,Argentina,Argentina,Argentina,Argentina,Argentina,Argentina,Argentina,Argentina,Argentina,Argentina,Argentina
Armenia,Armenia,Armenia,Armenia,Armenia,Armenia,Armenia,Armenia,Armenia,Armenia,Armenia,Armenia,Armenia,Armenia,Armenia,Armenia,Armenia,Armenia,Armenia,NA,Armenia,Armenia,Armenia,Armenia,Armenia,Armenia,Armenia,Armenia,Armenia,Armenia,Armenia,Armenia,Armenia,Armenia,Armenia
Aruba,NA,NA,NA,Aruba,Aruba,Aruba,NA,NA,NA,NA,Aruba,Aruba,NA,NA,NA,NA,Aruba,NA,Aruba,NA,NA,Aruba,Aruba,Aruba,Aruba,NA,NA,Aruba,NA,NA,NA,NA,Aruba,NA
Australia,Australia,Australia,Australia,Australia,Australia,Australia,Australia,Australia,Australia,Australia,NA,Australia,Australia,Australia,Australia,Australia,Australia,Australia,Australia,Australia,Australia,Australia,Australia,Australia,Australia,Australia,Australia,Australia,Australia,Australia,Australia,NA,Australia,Australia
Austria,Austria,Austria,Austria,Austria,Austria,Austria,Austria,Austria,Austria,Austria,Austria,Austria,Austria,Austria,Austria,NA,Austria,NA,Austria,Austria,Austria,Austria,Austria,Austria,Austria,Austria,Austria,Austria,Austria,Austria,Austria,NA,Austria,Austria
Azerbaijan,Azerbaijan,Azerbaijan,Azerbaijan,Azerbaijan,Azerbaijan,Azerbaijan,Azerbaijan,Azerbaijan,Azerbaijan,Azerbaijan,NA,NA,Azerbaijan,Azerbaijan,Azerbaijan,Azerbaijan,Azerbaijan,Azerbaijan,Azerbaijan,Azerbaijan,Azerbaijan,Azerbaijan,Azerbaijan,Azerbaijan,Azerbaijan,Azerbaijan,Azerbaijan,Azerbaijan,Azerbaijan,Azerbaijan,Azerbaijan,Azerbaijan,Azerbaijan,Azerbaijan
Bahamas,Bahamas,Bahamas,Bahamas ,"Bahamas, The",Bahamas,Bahamas,Bahamas,Bahamas,Bahamas,Bahamas ,Bahamas,Bahamas,Bahamas,NA,Bahamas ,Bahamas,"Bahamas, The",Bahamas,NA,NA,Bahamas,Bahamas,Bahamas,Bahamas,Bahamas,Bahamas,Bahamas,"Bahamas, The",The Bahamas,Bahamas,Bahamas ,NA,"Bahamas, The",Bahamas
Bahrain,Bahrain,Bahrain,Bahrain,Bahrain,Bahrain,Bahrain,Bahrain,Bahrain,Bahrain,Bahrain,Bahrain,Bahrain,Bahrain,Bahrain,Bahrain,Bahrain,Bahrain,Bahrain,Bahrain,NA,Bahrain,Bahrain,Bahrain,Bahrain,Bahrain,Bahrain,Bahrain,Bahrain,Bahrain,Bahrain,Bahrain,NA,Bahrain,Bahrain
Bangladesh,Bangladesh,Bangladesh,Bangladesh,Bangladesh,Bangladesh,Bangladesh,Bangladesh,Bangladesh,Bangladesh,Bangladesh,Bangladesh,Bangladesh,Bangladesh,Bangladesh,Bangladesh,Bangladesh,Bangladesh,Bangladesh,Bangladesh,Bangladesh,Bangladesh,Bangladesh,Bangladesh,Bangladesh,Bangladesh,Bangladesh,Bangladesh,Bangladesh,Bangladesh,Bangladesh,Bangladesh,Bangladesh,Bangladesh,Bangladesh
Barbados,Barbados,Barbados,NA,Barbados,Barbados,Barbados,Barbados,Barbados,Barbados,NA,Barbados,Barbados,Barbados,Barbados,NA,Barbados,Barbados,Barbados,NA,Barbados,Barbados,Barbados,Barbados,Barbados,Barbados,Barbados,Barbados,Barbados,Barbados,Barbados,NA,Barbados,Barbados,Barbados
Belarus,Belarus,Belarus,Belarus,Belarus,Belarus,Belarus,Belarus,Belarus,NA,Belarus,Belarus,Belarus,Belarus,Belarus,Belarus,Belarus,Belarus,Belarus,Belarus,Belarus,Belarus,Belarus,Belarus,Belarus,Belarus,Belarus,Belarus,Belarus,Belarus,Belarus,Belarus,NA,Belarus,Belarus
Belgium,Belgium,Belgium,NA,Belgium,Belgium,Belgium,Belgium,Belgium,Belgium,NA,Belgium,Belgium,Belgium,Belgium,NA,Belgium,Belgium,Belgium,Belgium,Belgium,Belgium,Belgium,NA,Belgium,Belgium,Belgium,Belgium,Belgium,NA,Belgium,NA,NA,Belgium,Belgium
Belgium-Luxembourg,Belgium-Luxembourg,Belgium-Luxembourg,Belgium-Luxembourg,NA,Belgium-Luxembourg,Belgium-Luxembourg,NA,Belgium-Luxembourg,Belgium-Luxembourg,Belgium-Luxembourg,NA,NA,NA,NA,Belgium-Luxembourg,NA,NA,NA,NA,NA,NA,Belgium-Luxembourg,Belgium-Luxemburg,Belgium-Luxembourg,NA,NA,NA,NA,Belgium-Luxemburg,Belgium-Luxembourg,Belgium-Luxembourg,NA,NA,NA
Belize,Belize,Belize,Belize,Belize,Belize,Belize,Belize,Belize,Belize,Belize,Belize,Belize,Belize,Belize,Belize,NA,Belize,NA,Belize,Belize,Belize,Belize,Belize,Belize,Belize,Belize,Belize,Belize,Belize,Belize,Belize,Belize,Belize,Belize
Benin,Benin,Benin,Benin,Benin,Benin,Benin,Benin,Benin,NA,Benin,Benin,Benin,Benin,Benin,Benin,Benin,Benin,Benin,Benin,NA,Benin,Benin,Benin,Benin,Benin,Benin,Benin,Benin,Benin,Benin,Benin,Benin,Benin,Benin
Bermuda,Bermuda,Bermuda,NA,Bermuda,Bermuda,Bermuda,Bermuda,Bermuda,NA,NA,Bermuda,Bermuda,Bermuda,NA,NA,NA,Bermuda,NA,NA,NA,Bermuda,Bermuda,Bermuda,Bermuda,Bermuda,NA,Bermuda,Bermuda,Bermuda,Bermuda,NA,NA,Bermuda,NA
Bhutan,Bhutan,Bhutan,Bhutan,Bhutan,Bhutan,Bhutan,Bhutan,Bhutan,Bhutan,Bhutan,Bhutan,Bhutan,Bhutan,Bhutan,Bhutan,Bhutan,Bhutan,Bhutan,Bhutan,Bhutan,Bhutan,Bhutan,Bhutan,Bhutan,Bhutan,Bhutan,Bhutan,Bhutan,Bhutan,Bhutan,Bhutan,NA,Bhutan,Bhutan
Bolivia,Bolivia (Plurinational State of),Bolivia (Plurinational State of),Bolivia,Bolivia,Bolivia (Plurinational State of),Bolivia,Bolivia (Plurinational State of),Bolivia (Plurinational State of),Bolivia (Plurinational State of),Bolivia,Bolivia,Bolivia,Bolivia (Plurinational State of),Bolivia (Plurinational State of),Bolivia,Bolivia (Plurinational State of),Bolivia,Bolivia (Plurinational State of),Bolivia (Plurinational State of),Bolivia (Plurinational State of),Bolivia (Plurinational State of),Bolivia (Plurinational State of),Bolivia (Plurinational State of),Bolivia (Plurinational State of),Bolivia,Bolivia,Bolivia (Plurinational State of),Bolivia,Bolivia,Bolivia (Plurinational State of),Bolivia,Bolivia,Bolivia,Bolivia
Bosnia and Herzegovina,Bosnia and Herzegovina,Bosnia and Herzegovina,NA,Bosnia and Herzegovina,Bosnia and Herzegovina,Bosnia and Herzegovina,Bosnia and Herzegovina,Bosnia and Herzegovina,NA,NA,Bosnia and Herzegovina,Bosnia and Herzegovina,Bosnia and Herzegovina,NA,NA,NA,Bosnia and Herzegovina,NA,Bosnia and Herzegovina,Bosnia and Herzegovina,Bosnia and Herzegovina,Bosnia and Herzegovina,Bosnia and Herzegovina,Bosnia and Herzegovina,Bosnia and Herzegovina,Bosnia and Herzegovina,Bosnia and Herzegovina,Bosnia and Herzegovina,Bosnia and Herzegovina,Bosnia and Herzegovina,NA,NA,Bosnia and Herzegovina,Bosnia and Herzegovina
Botswana,Botswana,Botswana,Botswana,Botswana,Botswana,Botswana,Botswana,Botswana,Botswana,Botswana,Botswana,Botswana,Botswana,Botswana,Botswana,Botswana,Botswana,Botswana,Botswana,Botswana,Botswana,Botswana,Botswana,Botswana,Botswana,Botswana,Botswana,Botswana,Botswana,Botswana,Botswana,Botswana,Botswana,Botswana
Brazil,Brazil,Brazil,Brazil,Brazil,Brazil,Brazil,Brazil,Brazil,Brazil,Brazil,Brazil,Brazil,Brazil,Brazil,Brazil,Brazil,Brazil,Brazil,Brazil,Brazil,Brazil,Brazil,Brazil,Brazil,Brazil,Brazil,Brazil,Brazil,Brazil,Brazil,Brazil,Brazil,Brazil,Brazil
British Virgin Islands,NA,NA,NA,British Virgin Islands,British Virgin Islands,British Virgin Islands,British Virgin Islands,British Virgin Islands,NA,NA,NA,NA,NA,NA,NA,NA,NA,NA,NA,NA,British Virgin Islands,British Virgin Islands,British Virgin Islands,British Virgin Islands,NA,NA,Brunei Darussalam,British Virgin Islands,NA,NA,NA,NA,British Virgin Islands,NA
Brunei Darussalam,Brunei Darussalam,Brunei Darussalam,Brunei Darussalam,Brunei Darussalam,Brunei Darussalam,Brunei Darussalam,Brunei Darussalam,Brunei Darussalam,Brunei Darussalam,Brunei Darussalam,Brunei,Brunei Darussalam,Brunei Darussalam,Brunei Darussalam,Brunei Darussalam,NA,Brunei Darussalam,NA,Brunei Darussalam,Brunei Darussalam,Brunei Darussalam,Brunei Darussalam,Brunei Darussalam,Brunei Darussalam,Brunei Darussalam,Brunei,NA,Brunei Darussalam,Brunei,Brunei Darussalam,Brunei Darussalam,Brunei,Brunei Darussalam,Brunei
Bulgaria,Bulgaria,Bulgaria,Bulgaria,Bulgaria,Bulgaria,Bulgaria,Bulgaria,Bulgaria,Bulgaria,Bulgaria,Bulgaria,Bulgaria,Bulgaria,Bulgaria,Bulgaria,Bulgaria,Bulgaria,Bulgaria,Bulgaria,Bulgaria,Bulgaria,Bulgaria,Bulgaria,Bulgaria,Bulgaria,Bulgaria,Bulgaria,Bulgaria,Bulgaria,Bulgaria,Bulgaria,NA,Bulgaria,Bulgaria
Burkina Faso,Burkina Faso,Burkina Faso,Burkina Faso,Burkina Faso,Burkina Faso,Burkina Faso,Burkina Faso,Burkina Faso,Burkina Faso,Burkina Faso,Burkina Faso,Burkina Faso,Burkina Faso,Burkina Faso,Burkina Faso,Burkina Faso,Burkina Faso,Burkina Faso,Burkina Faso,Burkina Faso,Burkina Faso,Burkina Faso,Burkina Faso,Burkina Faso,Burkina Faso,Burkina Faso,Burkina Faso,Burkina Faso,Burkina Faso,Burkina Faso,Burkina Faso,Burkina Faso,Burkina Faso,Burkina Faso
Burundi,Burundi,Burundi,Burundi,Burundi,Burundi,Burundi,Burundi,Burundi,Burundi,Burundi,Burundi,Burundi,Burundi,Burundi,Burundi,Burundi,Burundi,Burundi,Burundi,Burundi,Burundi,Burundi,Burundi,Burundi,Burundi,Burundi,Burundi,Burundi,Burundi,Burundi,Burundi,NA,Burundi,Burundi
Cabo Verde,Cabo Verde,Cabo Verde,Cape Verde,Cabo Verde,Cabo Verde,Cabo Verde,Cabo Verde,Cabo Verde,Cabo Verde,Cape Verde,Cabo Verde,Cape Verde,Cabo Verde,Cabo Verde,Cape Verde,C么te d'Ivoire,Cabo Verde,Cabo Verde,Cabo Verde,Cabo Verde,Cabo Verde,Cabo Verde,Cabo Verde,Cabo Verde,Cabo Verde,Cape Verde,Cabo Verde,Cabo Verde,Cape Verde,Cabo Verde,Cape Verde,Cape Verde,Cabo Verde,Cape Verde
Cambodia,Cambodia,Cambodia,Cambodia,Cambodia,Cambodia,Cambodia,Cambodia,Cambodia,NA,Cambodia,Cambodia,Cambodia,Cambodia,Cambodia,Cambodia,Cabo Verde,Cambodia,NA,Cambodia,Cambodia,Cambodia,Cambodia,Cambodia,Cambodia,Cambodia,Cambodia,Cambodia,Cambodia,Cambodia,Cambodia,Cambodia,Cambodia,Cambodia,Cambodia
Cameroon,Cameroon,Cameroon,Cameroon,Cameroon,Cameroon,Cameroon,Cameroon,Cameroon,Cameroon,Cameroon,Cameroon,Cameroon,Cameroon,Cameroon,Cameroon,NA,Cameroon,NA,NA,Cameroon,Cameroon,Cameroon,Cameroon,Cameroon,Cameroon,Cameroon,Cameroon,Cameroon,Cameroon,Cameroon,Cameroon,Cameroon,Cameroon,Cameroon
Canada,Canada,Canada,Canada,Canada,Canada,Canada,Canada,Canada,Canada,Canada,Canada,Canada,Canada,Canada,Canada,Canada,Canada,Canada,Canada,Canada,Canada,Canada,Canada,Canada,Canada,Canada,Canada,Canada,Canada,Canada,Canada,NA,Canada,Canada
Cayman Islands,NA,NA,NA,Cayman Islands,Cayman Islands,Cayman Islands,Cayman Islands,Cayman Islands,NA,NA,NA,NA,NA,NA,NA,NA,Cayman Islands,NA,Cayman Islands,NA,Cayman Islands,Cayman Islands,Cayman Islands,Cayman Islands,Cayman Islands,NA,NA,Cayman Islands,NA,NA,NA,NA,Cayman Islands,NA
Central African Republic,Central African Republic,Central African Republic,Central African Republic,Central African Republic,Central African Republic,Central African Republic,Central African Republic,Central African Republic,Central African Republic,Central African Republic,NA,NA,Central African Republic,Central African Republic,Central African Republic,Central African Republic,Central African Republic,Central African Republic,NA,NA,Central African Republic,Central African Republic,Central African Republic,Central African Republic,Central African Republic,Central African Republic,Central African Republic,Central African Republic,Central African Republic,Central African Republic,Central African Republic,Central African Republic,Central African Republic,Central African Republic
Chad,Chad,Chad,Chad,Chad,Chad,Chad,Chad,Chad,Chad,Chad,Chad,Chad,Chad,Chad,Chad,NA,Chad,NA,NA,NA,Chad,Chad,Chad,Chad,Chad,Chad,Chad,Chad,Chad,Chad,Chad,Chad,Chad,Chad
Channel Islands,NA,NA,NA,Channel Islands,Channel Islands,Channel Islands,NA,NA,NA,NA,NA,NA,NA,NA,NA,NA,NA,NA,NA,NA,NA,Channel Islands,NA,Channel Islands,NA,NA,NA,Channel Islands,NA,NA,NA,NA,Channel Islands,NA
Chile,Chile,Chile,Chile,Chile,Chile,Chile,Chile,Chile,Chile,Chile,Chile,Chile,Chile,Chile,Chile,Chile,Chile,Chile,Chile,Chile,Chile,Chile,Chile,Chile,Chile,Chile,Chile,Chile,Chile,Chile,Chile,Chile,Chile,Chile
China,China,China,China,China,China,China,"China, mainland",China,"China, mainland",China,China,China,China,China,China,China,China,"China, mainland","China, mainland",China,NA,China,China,China,China,China,China,China,China,China,China,China,China,China
"China, Hong Kong SAR",NA,NA,NA,"Hong Kong SAR, China","China, Hong Kong SAR","China, Hong Kong SAR","China, Hong Kong SAR","China, Hong Kong SAR","China, Hong Kong SAR",NA,NA,NA,"China, Hong Kong SAR",NA,NA,NA,"Hong Kong SAR, China",NA,"China, Hong Kong SAR","China, Hong Kong SAR","China, Hong Kong SAR",NA,"China, Hong Kong Special Administrative Region","China, Hong Kong SAR",NA,NA,"China, Hong Kong SAR","Hong Kong SAR, China",NA,"China, Hong Kong SAR",NA,NA,"Hong Kong SAR, China",NA
"China, Macao SAR",NA,NA,NA,"Macao SAR, China",NA,NA,"China, Macao SAR","China, Macao SAR","China, Macao SAR",NA,NA,NA,"China, Macao SAR",NA,NA,NA,NA,NA,"China, Macao SAR",NA,"China, Macao SAR",NA,"China, Macao Special Administrative Region","China, Macao SAR",NA,NA,"China, Macao SAR","Macao SAR, China",NA,"China, Macao SAR",NA,NA,"Macao SAR, China",NA
"China, Taiwan Province of",NA,NA,Taiwan (China) ,NA,"China, Taiwan Province of","China, Taiwan Province of","China, Taiwan Province of","China, Taiwan Province of","China, Taiwan Province of",Taiwan (China) ,NA,NA,"China, Taiwan Province of",NA,Taiwan (China) ,NA,NA,NA,NA,NA,"China, Taiwan Province of",NA,NA,"China, Taiwan Province of",NA,NA,"China, Taiwan Province of",NA,NA,"China, Taiwan Province of",Taiwan (China) ,NA,NA,NA
Colombia,Colombia,Colombia,Colombia,Colombia,Colombia,Colombia,Colombia,Colombia,Colombia,Colombia,Colombia,Colombia,Colombia,Colombia,Colombia,NA,Colombia,NA,Colombia,Colombia,Colombia,Colombia,Colombia,Colombia,Colombia,Colombia,Colombia,Colombia,Colombia,Colombia,Colombia,Colombia,Colombia,Colombia
Comoros,Comoros,Comoros,Comoros,Comoros,Comoros,Comoros,Comoros,Comoros,Comoros,Comoros,NA,NA,Comoros,Comoros,Comoros,NA,Comoros,NA,Comoros,NA,Comoros,Comoros,Comoros,Comoros,Comoros,Comoros,Comoros,Comoros,Comoros,Comoros,Comoros,NA,Comoros,Comoros
"Congo, Dem. Rep.",Democratic Republic of the Congo,Democratic Republic of the Congo,"Congo, DR","Congo, Dem. Rep.",Democratic Republic of the Congo,"Congo, Dem. Rep.",Democratic Republic of the Congo,Democratic Republic of the Congo,NA,"Congo, DR",NA,NA,Democratic Republic of the Congo,Democratic Republic of the Congo,"Congo, DR",Democratic Republic of the Congo,"Congo, Dem. Rep.",Democratic Republic of the Congo,NA,NA,Democratic Republic of the Congo,Democratic Republic of the Congo,Democratic Republic of the Congo,Democratic Republic of the Congo,"Congo, Democratic Republic of",Democratic Republic of Congo,Democratic Republic of the Congo,"Congo, Dem. Rep.",Democratic Republic of the Congo,Democratic Republic of the Congo,"Congo, DR",NA,"Congo, Dem. Rep.",Democratic Republic of the Congo
Congo,Congo,Congo,Congo,"Congo, Rep.",Congo,Congo,Congo,Congo,Congo,Congo,Congo,Congo,Congo,Congo,Congo,Congo,"Congo, Rep.",Congo,Congo,Congo,Congo,Congo,Congo,Congo,Congo,Congo,Congo,"Congo, Rep.",Congo,Congo,Congo,Congo,"Congo, Rep.",Republic of Congo
Cook Islands,Cook Islands,Cook Islands,NA,NA,Cook Islands,Cook Islands,Cook Islands,Cook Islands,Cook Islands,NA,NA,NA,Cook Islands,NA,NA,Cook Islands,NA,Cook Islands,Cook Islands,Cook Islands,Cook Islands,Cook Islands,Cook Islands,Cook Islands,Cook Islands,Cook Islands,Cook Islands,NA,NA,Cook Islands,NA,NA,NA,Cook Islands
Costa Rica,Costa Rica,Costa Rica,Costa Rica,Costa Rica,Costa Rica,Costa Rica,Costa Rica,Costa Rica,Costa Rica,Costa Rica,Costa Rica,Costa Rica,Costa Rica,Costa Rica,Costa Rica,Costa Rica,Costa Rica,Costa Rica,Costa Rica,Costa Rica,Costa Rica,Costa Rica,Costa Rica,Costa Rica,Costa Rica,Costa Rica,Costa Rica,Costa Rica,Costa Rica,Costa Rica,Costa Rica,Costa Rica,Costa Rica,Costa Rica
Cote d'Ivoire,C么te d'Ivoire,C么te d'Ivoire,Cte d'Ivoire,Cote d'Ivoire,C么te d'Ivoire,Cote d'Ivoire,C么te d'Ivoire,C么te d'Ivoire,C么te d'Ivoire,Cte d'Ivoire,Cote d'Ivoire,Ivory Coast,C么te d'Ivoire,C么te d'Ivoire,Cte d'Ivoire,NA,Cote d'Ivoire,C么te d'Ivoire,C么te d'Ivoire,C么te d'Ivoire,C么te d'Ivoire,C么te d'Ivoire,C么te d'Ivoire,C么te d'Ivoire,C么te d'Ivoire,Cote d'Ivoire,C么te d'Ivoire,Cote d'Ivoire,Cote d'Ivoire,C么te d'Ivoire,Cte d'Ivoire,Cote d'Ivoire,Cote d'Ivoire,C么te d'Ivoire
Croatia,Croatia,Croatia,NA,Croatia,Croatia,Croatia,Croatia,Croatia,Croatia,NA,Croatia,Croatia,Croatia,Croatia,NA,Croatia,Croatia,Croatia,Croatia,Croatia,Croatia,Croatia,Croatia,Croatia,Croatia,Croatia,Croatia,Croatia,Croatia,Croatia,NA,NA,Croatia,Croatia
Cuba,Cuba,Cuba,Cuba,Cuba,Cuba,Cuba,Cuba,Cuba,NA,Cuba,NA,NA,Cuba,Cuba,Cuba,NA,Cuba,NA,NA,Cuba,Cuba,Cuba,Cuba,Cuba,Cuba,Cuba,Cuba,Cuba,Cuba,Cuba,Cuba,Cuba,Cuba,Cuba
Curacao,NA,NA,NA,Curacao,NA,NA,NA,NA,NA,NA,NA,NA,NA,NA,NA,NA,Curacao,NA,NA,NA,NA,NA,Cura莽ao,NA,NA,NA,NA,Curacao,NA,NA,NA,NA,Curacao,NA
Cyprus,Cyprus,Cyprus,Cyprus,Cyprus,Cyprus,Cyprus,Cyprus,Cyprus,Cyprus,Cyprus,Cyprus,Cyprus,Cyprus,Cyprus,Cyprus,Cyprus,Cyprus,Cyprus,Cyprus,Cyprus,Cyprus,Cyprus,Cyprus,Cyprus,Cyprus,Cyprus,Cyprus,Cyprus,Cyprus,Cyprus,Cyprus,NA,Cyprus,Cyprus
Czech Republic,Czechia,Czechia,NA,Czech Republic,Czechia,Czech Republic,Czechia,Czechia,Czechia,NA,Czech Republic,Czech Republic,Czechia,Czechia,NA,Czechia,Czech Republic,Czechia,Czechia,Czechia,Czechia,Czechia,Czechia,Czechia,Czech Republic,Czech Republic,Czechia,Czech Republic,Czech Republic,Czechia,NA,NA,Czech Republic,Czech Republic
Czechoslovakia,Czechoslovakia,Czechoslovakia,"Czechslovakia, former",NA,Czechoslovakia,Czechoslovakia,NA,NA,NA,"Czechslovakia, former",NA,NA,NA,NA,"Czechslovakia, former",NA,NA,NA,NA,NA,NA,Czechoslovakia,NA,Czechoslovakia,Czechoslovakia,NA,NA,NA,NA,Czechoslovakia,"Czechslovakia, former",NA,NA,NA
Denmark,Denmark,Denmark,Denmark,Denmark,Denmark,Denmark,Denmark,Denmark,Denmark,Denmark,Denmark,Denmark,Denmark,Denmark,Denmark,Denmark,Denmark,Denmark,Denmark,Denmark,Denmark,Denmark,Denmark,Denmark,Denmark,Denmark,Denmark,Denmark,Denmark,Denmark,Denmark,NA,Denmark,Denmark
Djibouti,Djibouti,Djibouti,Djibouti,Djibouti,Djibouti,Djibouti,Djibouti,Djibouti,NA,Djibouti,NA,NA,Djibouti,Djibouti,Djibouti,NA,Djibouti,NA,NA,NA,Djibouti,Djibouti,Djibouti,Djibouti,Djibouti,Djibouti,Djibouti,Djibouti,Djibouti,Djibouti,Djibouti,Djibouti,Djibouti,Djibouti
Dominica,Dominica,Dominica,NA,Dominica,Dominica,Dominica,Dominica,Dominica,NA,NA,NA,NA,Dominica,Dominica,NA,NA,Dominica,Dominican Republic,Dominica,NA,Dominica,Dominica,Dominica,Dominica,Dominica,Dominica,Dominica,Dominica,Dominica,Dominica,NA,NA,Dominica,Dominica
Dominican Republic,Dominican Republic,Dominican Republic,Dominican Republic,Dominican Republic,Dominican Republic,Dominican Republic,Dominican Republic,Dominican Republic,Dominican Republic,Dominican Republic,Dominican Republic,Dominican Republic,Dominican Republic,Dominican Republic,Dominican Republic,Dominican Republic,Dominican Republic,NA,Dominican Republic,Dominican Republic,Dominican Republic,Dominican Republic,Dominican Republic,Dominican Republic,Dominican Republic,Dominican Republic,Dominican Republic,Dominican Republic,Dominican Republic,Dominican Republic,Dominican Republic,Dominican Republic,Dominican Republic,Dominican Republic
Ecuador,Ecuador,Ecuador,Ecuador,Ecuador,Ecuador,Ecuador,Ecuador,Ecuador,Ecuador,Ecuador,Ecuador,Ecuador,Ecuador,Ecuador,Ecuador,Ecuador,Ecuador,Ecuador,Ecuador,Ecuador,Ecuador,Ecuador,Ecuador,Ecuador,Ecuador,Ecuador,Ecuador,Ecuador,Ecuador,Ecuador,Ecuador,Ecuador,Ecuador,Ecuador
Egypt,Egypt,Egypt,Egypt,"Egypt, Arab Rep.",Egypt,Egypt,Egypt,Egypt,Egypt,Egypt,Egypt,Egypt,Egypt,Egypt,Egypt,Egypt,"Egypt, Arab Rep.",Egypt,Egypt,Egypt,Egypt,Egypt,Egypt,Egypt,Egypt,Egypt,Egypt,"Egypt, Arab Rep.",Egypt,Egypt,Egypt,Egypt,"Egypt, Arab Rep.",Egypt
El Salvador,El Salvador,El Salvador,El Salvador,El Salvador,El Salvador,El Salvador,El Salvador,El Salvador,El Salvador,El Salvador,El Salvador,El Salvador,El Salvador,El Salvador,El Salvador,El Salvador,El Salvador,El Salvador,El Salvador,El Salvador,El Salvador,El Salvador,El Salvador,El Salvador,El Salvador,El Salvador,El Salvador,El Salvador,El Salvador,El Salvador,El Salvador,El Salvador,El Salvador,El Salvador
Equatorial Guinea,Equatorial Guinea,Equatorial Guinea,Equatorial Guinea,Equatorial Guinea,Equatorial Guinea,Equatorial Guinea,Equatorial Guinea,Equatorial Guinea,NA,Equatorial Guinea,NA,NA,Equatorial Guinea,Equatorial Guinea,Equatorial Guinea,Equatorial Guinea,Equatorial Guinea,Equatorial Guinea,Equatorial Guinea,Equatorial Guinea,Equatorial Guinea,Equatorial Guinea,Equatorial Guinea,Equatorial Guinea,Equatorial Guinea,Equatorial Guinea,Equatorial Guinea,Equatorial Guinea,Equatorial Guinea,Equatorial Guinea,Equatorial Guinea,NA,Equatorial Guinea,Equatorial Guinea
Eritrea,Eritrea,Eritrea,NA,Eritrea,Eritrea,Eritrea,Eritrea,Eritrea,Eritrea,NA,NA,NA,Eritrea,Eritrea,NA,NA,Eritrea,NA,NA,Eritrea,Eritrea,Eritrea,Eritrea,Eritrea,Eritrea,Eritrea,Eritrea,Eritrea,Eritrea,Eritrea,NA,NA,Eritrea,Eritrea
Estonia,Estonia,Estonia,Estonia,Estonia,Estonia,Estonia,Estonia,Estonia,Estonia,Estonia,Estonia,Estonia,Estonia,Estonia,Estonia,Estonia,Estonia,Estonia,Estonia,Estonia,Estonia,Estonia,Estonia,Estonia,Estonia,Estonia,Estonia,Estonia,Estonia,Estonia,Estonia,NA,Estonia,Estonia
Ethiopia,Ethiopia,Ethiopia,"Ethiopia, former",Ethiopia,Ethiopia,Ethiopia,Ethiopia,Ethiopia,Ethiopia,"Ethiopia, former",Ethiopia,Ethiopia,Ethiopia,Ethiopia,"Ethiopia, former",Ethiopia,Ethiopia,Ethiopia,Ethiopia,Ethiopia,Ethiopia,Ethiopia,Ethiopia,Ethiopia,Ethiopia,Ethiopia,Ethiopia,Ethiopia,Ethiopia,Ethiopia,"Ethiopia, former",Ethiopia,Ethiopia,Ethiopia
Ethiopia PDR,Ethiopia PDR,Ethiopia PDR,NA,NA,Ethiopia PDR,Ethiopia PDR,NA,NA,NA,NA,NA,NA,NA,NA,NA,NA,NA,NA,NA,NA,NA,Ethiopia PDR,NA,Ethiopia PDR,Ethiopia PDR,NA,NA,NA,NA,Ethiopia PDR,NA,NA,NA,NA
Falkland Islands (Malvinas),NA,NA,NA,NA,Falkland Islands (Malvinas),Falkland Islands (Malvinas),Falkland Islands (Malvinas),Falkland Islands (Malvinas),NA,NA,NA,NA,NA,NA,NA,NA,NA,NA,NA,NA,Falkland Islands (Malvinas),Falkland Islands (Malvinas),Falkland Islands (Malvinas),Falkland Islands (Malvinas),NA,NA,NA,NA,NA,NA,NA,NA,NA,NA
Faroe Islands,Faroe Islands,Faroe Islands,NA,Faroe Islands,Faroe Islands,NA,Faroe Islands,Faroe Islands,NA,NA,NA,NA,NA,NA,NA,NA,Faroe Islands,NA,NA,NA,Faroe Islands,Faroe Islands,Faroe Islands,Faroe Islands,NA,NA,NA,Faroe Islands,NA,Faroe Islands,NA,NA,Faroe Islands,NA
Fiji,Fiji,Fiji,Fiji,Fiji,Fiji,Fiji,Fiji,Fiji,Fiji,Fiji,Fiji,Fiji,Fiji,Fiji,Fiji,Fiji,Fiji,Fiji,Fiji,Fiji,Fiji,Fiji,Fiji,Fiji,Fiji,Fiji,Fiji,Fiji,Fiji,Fiji,Fiji,Fiji,Fiji,Fiji
Finland,Finland,Finland,Finland,Finland,Finland,Finland,Finland,Finland,Finland,Finland,Finland,Finland,Finland,Finland,Finland,Finland,Finland,Finland,Finland,Finland,Finland,Finland,Finland,Finland,Finland,Finland,Finland,Finland,Finland,Finland,Finland,NA,Finland,Finland
France,France,France,France,France,France,France,France,France,France,France,France,France,France,France,France,France,France,France,France,France,France,France,France,France,France,France,France,France,France,France,France,NA,France,France
French Guiana,French Guiana,French Guiana,French Guiana (France),NA,French Guiana,French Guiana,French Guiana,French Guiana,NA,French Guiana (France),NA,NA,NA,NA,French Guiana (France),NA,NA,NA,NA,NA,French Guiana,French Guiana,French Guiana,French Guiana,French Guiana,NA,NA,NA,NA,French Guiana,French Guiana (France),NA,NA,NA
French Polynesia,French Polynesia,French Polynesia,NA,French Polynesia,French Polynesia,French Polynesia,French Polynesia,French Polynesia,French Polynesia,NA,NA,NA,French Polynesia,NA,NA,NA,French Polynesia,NA,French Polynesia,NA,French Polynesia,French Polynesia,French Polynesia,French Polynesia,French Polynesia,NA,French Polynesia,French Polynesia,NA,French Polynesia,NA,NA,French Polynesia,NA
Gabon,Gabon,Gabon,Gabon,Gabon,Gabon,Gabon,Gabon,Gabon,Gambia,Gabon,Gabon,Gabon,Gabon,Gabon,Gabon,NA,Gabon,NA,Gabon,NA,Gabon,Gabon,Gabon,Gabon,Gabon,Gabon,Gabon,Gabon,Gabon,Gabon,Gabon,Gabon,Gabon,Gabon
Gambia,Gambia,Gambia,Gambia,"Gambia, The",Gambia,Gambia,Gambia,Gambia,NA,Gambia,Gambia,Gambia,Gambia,Gambia,Gambia,NA,"Gambia, The",NA,NA,Gambia,Gambia,Gambia,Gambia,Gambia,Gambia,Gambia,Gambia,"Gambia, The",The Gambia,Gambia,Gambia,Gambia,"Gambia, The",Gambia
Georgia,Georgia,Georgia,Georgia,Georgia,Georgia,Georgia,Georgia,Georgia,NA,Georgia,NA,NA,Georgia,Georgia,Georgia,Georgia,Georgia,Georgia,Georgia,Georgia,Georgia,Georgia,Georgia,Georgia,Georgia,Georgia,Georgia,Georgia,Georgia,Georgia,Georgia,Georgia,Georgia,Georgia
Germany,Germany,Germany,Germany,Germany,Germany,Germany,Germany,Germany,Germany,Germany,Germany,Germany,Germany,Germany,Germany,NA,Germany,NA,Germany,Germany,Germany,Germany,Germany,Germany,Germany,Germany,Germany,Germany,Germany,Germany,Germany,NA,Germany,Germany
Ghana,Ghana,Ghana,Ghana,Ghana,Ghana,Ghana,Ghana,Ghana,Ghana,Ghana,Ghana,Ghana,Ghana,Ghana,Ghana,Ghana,Ghana,Ghana,Ghana,Ghana,Ghana,Ghana,Ghana,Ghana,Ghana,Ghana,Ghana,Ghana,Ghana,Ghana,Ghana,Ghana,Ghana,Ghana
Gibraltar,NA,NA,NA,Gibraltar,NA,NA,NA,NA,NA,NA,NA,NA,NA,NA,NA,NA,NA,NA,NA,NA,NA,Gibraltar,NA,Gibraltar,NA,NA,NA,Gibraltar,NA,NA,NA,NA,Gibraltar,NA
Greece,Greece,Greece,Greece,Greece,Greece,Greece,Greece,Greece,Greece,Greece,Greece,Greece,Greece,Greece,Greece,Greece,Greece,Greece,Greece,Greece,Greece,Greece,Greece,Greece,Greece,Greece,Greece,Greece,Greece,Greece,Greece,NA,Greece,Greece
Greenland,Greenland,Greenland,NA,Greenland,Greenland,NA,Greenland,Greenland,NA,NA,NA,NA,Greenland,NA,NA,NA,Greenland,NA,NA,NA,Greenland,Greenland,Greenland,Greenland,NA,NA,Greenland,Greenland,Greenland,Greenland,NA,NA,Greenland,NA
Grenada,NA,NA,NA,Grenada,Grenada,Grenada,Grenada,Grenada,NA,NA,Grenada,Grenada,Grenada,Grenada,NA,Grenada,Grenada,Grenada,Grenada,NA,Grenada,Grenada,Grenada,Grenada,Grenada,Grenada,Grenada,Grenada,Grenada,Grenada,NA,NA,Grenada,Grenada
Guadalupe,Guadeloupe,Guadeloupe,NA,NA,Guadeloupe,Guadalupe,Guadeloupe,Guadeloupe,NA,NA,NA,NA,NA,NA,NA,NA,NA,NA,Guadeloupe,NA,Guadeloupe,Guadeloupe,Guadeloupe,Guadeloupe,Guadeloupe,NA,NA,NA,NA,Guadeloupe,NA,NA,NA,NA
Guam,NA,NA,NA,Guam,Guam,Guam,Guam,Guam,NA,NA,NA,NA,NA,NA,NA,NA,NA,NA,NA,NA,Guam,Guam,Guam,Guam,NA,NA,NA,Guam,Guam,NA,NA,NA,Guam,NA
Guatemala,Guatemala,Guatemala,Guatemala,Guatemala,Guatemala,Guatemala,Guatemala,Guatemala,Guatemala,Guatemala,Guatemala,Guatemala,Guatemala,Guatemala,Guatemala,Guatemala,Guatemala,Guatemala,NA,NA,Guatemala,Guatemala,Guatemala,Guatemala,Guatemala,Guatemala,Guatemala,Guatemala,Guatemala,Guatemala,Guatemala,Guatemala,Guatemala,Guatemala
Guinea,Guinea,Guinea,Guinea,Guinea,Guinea,Guinea,Guinea,Guinea,Guinea,Guinea,Guinea,Guinea,Guinea,Guinea,Guinea,NA,Guinea,Guinea,Guinea,Guinea,Guinea,Guinea,Guinea,Guinea,Guinea,Guinea,Guinea,Guinea,Guinea,Guinea,Guinea,Guinea,Guinea,Guinea
Guinea-Bissau,Guinea-Bissau,Guinea-Bissau,Guinea-Bissau,Guinea-Bissau,Guinea-Bissau,Guinea-Bissau,Guinea-Bissau,Guinea-Bissau,Guinea-Bissau,Guinea-Bissau,NA,NA,Guinea-Bissau,Guinea-Bissau,Guinea-Bissau,Guinea-Bissau,Guinea-Bissau,Guinea-Bissau,Guinea-Bissau,Guinea-Bissau,Guinea-Bissau,Guinea-Bissau,Guinea-Bissau,Guinea-Bissau,Guinea-Bissau,Guinea-Bissau,Guinea-Bissau,Guinea-Bissau,Guinea-Bissau,Guinea-Bissau,Guinea-Bissau,Guinea-Bissau,Guinea-Bissau,Guinea-Bissau
Guyana,Guyana,Guyana,Guyana,Guyana,Guyana,Guyana,Guyana,Guyana,Guyana,Guyana,NA,NA,Guyana,Guyana,Guyana,NA,Guyana,NA,NA,Guyana,Guyana,Guyana,Guyana,Guyana,Guyana,Guyana,Guyana,Guyana,Guyana,Guyana,Guyana,Guyana,Guyana,Guyana
Haiti,Haiti,Haiti,Haiti,Haiti,Haiti,Haiti,Haiti,Haiti,Haiti,Haiti,Haiti,Haiti,Haiti,Haiti,Haiti,NA,Haiti,NA,NA,NA,Haiti,Haiti,Haiti,Haiti,Haiti,Haiti,Haiti,Haiti,Haiti,Haiti,Haiti,Haiti,Haiti,Haiti
Honduras,Honduras,Honduras,Honduras,Honduras,Honduras,Honduras,Honduras,Honduras,Honduras,Honduras,Honduras,Honduras,Honduras,Honduras,Honduras,NA,Honduras,NA,Honduras,Honduras,Honduras,Honduras,Honduras,Honduras,Honduras,Honduras,Honduras,Honduras,Honduras,Honduras,Honduras,Honduras,Honduras,Honduras
Hungary,Hungary,Hungary,Hungary,Hungary,Hungary,Hungary,Hungary,Hungary,Hungary,Hungary,Hungary,Hungary,Hungary,Hungary,Hungary,Hungary,Hungary,Hungary,Hungary,Hungary,Hungary,Hungary,Hungary,Hungary,Hungary,Hungary,Hungary,Hungary,Hungary,Hungary,Hungary,NA,Hungary,Hungary
Iceland,Iceland,Iceland,Iceland,Iceland,Iceland,Iceland,Iceland,Iceland,Iceland,Iceland,Iceland,Iceland,Iceland,Iceland,Iceland,Iceland,Iceland,Iceland,Iceland,Iceland,Iceland,Iceland,Iceland,Iceland,NA,Iceland,Iceland,Iceland,Iceland,Iceland,Iceland,NA,Iceland,Iceland
India,India,India,India,India,India,India,India,India,India,India,India,India,India,India,India,India,India,India,India,India,India,India,India,India,India,India,India,India,India,India,India,India,India,India
Indonesia,Indonesia,Indonesia,Indonesia,Indonesia,Indonesia,Indonesia,Indonesia,Indonesia,Indonesia,Indonesia,Indonesia,Indonesia,Indonesia,Indonesia,Indonesia,Indonesia,Indonesia,Indonesia,Indonesia,Indonesia,Indonesia,Indonesia,Indonesia,Indonesia,Indonesia,Indonesia,Indonesia,Indonesia,Indonesia,Indonesia,Indonesia,Indonesia,Indonesia,Indonesia
Iran,Iran (Islamic Republic of),Iran (Islamic Republic of),Iran,"Iran, Islamic Rep.",Iran (Islamic Republic of),Iran,Iran (Islamic Republic of),Iran (Islamic Republic of),Iran (Islamic Republic of),Iran,Iran,Iran,Iran (Islamic Republic of),Iran (Islamic Republic of),Iran,Iran (Islamic Republic of),"Iran, Islamic Rep.",Iran (Islamic Republic of),Iran (Islamic Republic of),Iran (Islamic Republic of),Iran (Islamic Republic of),Iran (Islamic Republic of),Iran (Islamic Republic of),Iran (Islamic Republic of),"Iran, Islamic Republic of",Iran,Iran (Islamic Republic of),"Iran, Islamic Rep.",Iran,Iran (Islamic Republic of),Iran,Iran,"Iran, Islamic Rep.",Iran
Iraq,Iraq,Iraq,Iraq,Iraq,Iraq,Iraq,Iraq,Iraq,Iraq,Iraq,Iraq,Iraq,Iraq,Iraq,Iraq,NA,Iraq,NA,NA,Iraq,Iraq,Iraq,Iraq,Iraq,Iraq,Iraq,Iraq,Iraq,Iraq,Iraq,Iraq,Iraq,Iraq,Iraq
Ireland,Ireland,Ireland,Ireland,Ireland,Ireland,Ireland,Ireland,Ireland,Ireland,Ireland,Ireland,Ireland,Ireland,Ireland,Ireland,Ireland,Ireland,Ireland,Ireland,Ireland,Ireland,Ireland,Ireland,Ireland,Ireland,Ireland,Ireland,Ireland,Ireland,Ireland,Ireland,NA,Ireland,Ireland
Isle of Man,NA,NA,NA,Isle of Man,Isle of Man,Isle of Man,NA,NA,NA,NA,NA,NA,NA,NA,NA,NA,Isle of Man,NA,NA,NA,NA,Isle of Man,NA,Isle of Man,NA,NA,NA,Isle of Man,NA,NA,NA,NA,Isle of Man,NA
Israel,Israel,Israel,Israel,Israel,Israel,Israel,Israel,Israel,Israel,Israel,Israel,Israel,Israel,Israel,Israel,Israel,Israel,Israel,Israel,Israel,Israel,Israel,Israel,Israel,Israel,Israel,Israel,Israel,Israel,Israel,Israel,NA,Israel,Israel
Italy,Italy,Italy,Italy,Italy,Italy,Italy,Italy,Italy,Italy,Italy,Italy,Italy,Italy,Italy,Italy,Italy,Italy,Italy,Italy,Italy,Italy,Italy,Italy,Italy,Italy,Italy,Italy,Italy,Italy,Italy,Italy,NA,Italy,Italy
Jamaica,Jamaica,Jamaica,Jamaica,Jamaica,Jamaica,Jamaica,Jamaica,Jamaica,Jamaica,Jamaica,Jamaica,Jamaica,Jamaica,Jamaica,Jamaica,Jamaica,Jamaica,Jamaica,Jamaica,Jamaica,Jamaica,Jamaica,Jamaica,Jamaica,Jamaica,Jamaica,Jamaica,Jamaica,Jamaica,Jamaica,Jamaica,Jamaica,Jamaica,Jamaica
Japan,Japan,Japan,Japan,Japan,Japan,Japan,Japan,Japan,Japan,Japan,Japan,Japan,Japan,Japan,Japan,Jordan,Japan,Jordan,Japan,Japan,Japan,Japan,Japan,Japan,Japan,Japan,Japan,Japan,Japan,Japan,Japan,NA,Japan,Japan
Jordan,Jordan,Jordan,Jordan,Jordan,Jordan,Jordan,Jordan,Jordan,Jordan,Jordan,Jordan,Jordan,Jordan,Jordan,Jordan,NA,Jordan,NA,Jordan,Jordan,Jordan,Jordan,Jordan,Jordan,Jordan,Jordan,Jordan,Jordan,Jordan,Jordan,Jordan,Jordan,Jordan,Jordan
Kazakhstan,Kazakhstan,Kazakhstan,Kazakhstan,Kazakhstan,Kazakhstan,Kazakhstan,Kazakhstan,Kazakhstan,Kazakhstan,Kazakhstan,NA,NA,Kazakhstan,Kazakhstan,Kazakhstan,Kazakhstan,Kazakhstan,Kazakhstan,Kazakhstan,Kazakhstan,Kazakhstan,Kazakhstan,Kazakhstan,Kazakhstan,Kazakhstan,Kazakhstan,Kazakhstan,Kazakhstan,Kazakhstan,Kazakhstan,Kazakhstan,Kazakhstan,Kazakhstan,Kazakhstan
Kenya,Kenya,Kenya,Kenya,Kenya,Kenya,Kenya,Kenya,Kenya,Kenya,Kenya,Kenya,Kenya,Kenya,Kenya,Kenya,Kenya,Kenya,Kenya,Kenya,Kenya,Kenya,Kenya,Kenya,Kenya,Kenya,Kenya,Kenya,Kenya,Kenya,Kenya,Kenya,Kenya,Kenya,Kenya
Kiribati,NA,NA,NA,Kiribati,Kiribati,Kiribati,Kiribati,Kiribati,NA,NA,NA,NA,Kiribati,Kuwait,NA,NA,Kiribati,NA,Kiribati,NA,Kiribati,Kiribati,Kiribati,Kiribati,NA,Kiribati,Kiribati,Kiribati,Kiribati,Kiribati,NA,Kiribati,Kiribati,Kiribati
"Korea, Dem. Peoples Rep.",Democratic People's Republic of Korea,Democratic People's Republic of Korea,"Korea, DPR","Korea, Dem. Peoples Rep.",Democratic People's Republic of Korea,"Korea, Dem. Peoples Rep.",Democratic People's Republic of Korea,Democratic People's Republic of Korea,NA,"Korea, DPR",NA,NA,Democratic People's Republic of Korea,Democratic People's Republic of Korea,"Korea, DPR",NA,NA,NA,NA,NA,Democratic People's Republic of Korea,Democratic People's Republic of Korea,Democratic People's Republic of Korea,Democratic People's Republic of Korea,"Korea, Democratic People's Republic of",North Korea,Democratic People's Republic of Korea,"Korea, Dem. Peoples Rep.",North Korea,Democratic People's Republic of Korea,"Korea, DPR",North Korea,"Korea, Dem. Peoples Rep.",North Korea
"Korea, Rep.",Republic of Korea,Republic of Korea,"Korea, Republic ","Korea, Rep.",Republic of Korea,"Korea, Rep.",Republic of Korea,Republic of Korea,Republic of Korea,"Korea, Republic ",South Korea,Republic of Korea,Republic of Korea,Republic of Korea,"Korea, Republic ",Republic of Korea,"Korea, Rep.",Republic of Korea,Republic of Korea,Republic of Korea,Republic of Korea,Republic of Korea,Republic of Korea,Republic of Korea,"Korea, Republic of",South Korea,Republic of Korea,"Korea, Rep.",South Korea,Republic of Korea,"Korea, Republic ",South Korea,"Korea, Rep.",South Korea
Kosovo,NA,NA,NA,Kosovo,NA,NA,NA,NA,NA,NA,NA,NA,NA,NA,NA,NA,Kosovo,NA,Kosovo,NA,NA,NA,NA,NA,NA,NA,NA,Kosovo,NA,NA,NA,NA,Kosovo,NA
Kuwait,Kuwait,Kuwait,Kuwait,Kuwait,Kuwait,Kuwait,Kuwait,Kuwait,Kuwait,Kuwait,Kuwait,Kuwait,Kuwait,NA,Kuwait,Kuwait,Kuwait,Kuwait,Kuwait,NA,Kuwait,Kuwait,Kuwait,Kuwait,Kuwait,Kuwait,Kuwait,Kuwait,Kuwait,Kuwait,Kuwait,Kuwait,Kuwait,Kuwait
Kyrgyz Republic,Kyrgyzstan,Kyrgyzstan,Kyrgyzstan,Kyrgyz Republic,Kyrgyzstan,Kyrgyz Republic,Kyrgyzstan,Kyrgyzstan,Kyrgyzstan,Kyrgyzstan,NA,NA,Kyrgyzstan,Kyrgyzstan,Kyrgyzstan,Kyrgyzstan,Kyrgyz Republic,Kyrgyzstan,Kyrgyzstan,Kyrgyzstan,Kyrgyzstan,Kyrgyzstan,Kyrgyzstan,Kyrgyzstan,Kyrgyzstan,Kyrgyzstan,Kyrgyzstan,Kyrgyz Republic,Kyrgyzstan,Kyrgyzstan,Kyrgyzstan,Kyrgyzstan,Kyrgyz Republic,Kyrgyzstan
Laos,Lao People's Democratic Republic,Lao People's Democratic Republic,Laos,Lao PDR,Lao People's Democratic Republic,Laos,Lao People's Democratic Republic,Lao People's Democratic Republic,Lao People's Democratic Republic,Laos,Laos,Lao,Lao People's Democratic Republic,Lao People's Democratic Republic,Laos,NA,Lao PDR,NA,Lao People's Democratic Republic,Lao People's Democratic Republic,Lao People's Democratic Republic,Lao People's Democratic Republic,Lao People's Democratic Republic,Lao People's Democratic Republic,Lao People's Democratic Republic,Laos,Lao People's Democratic Republic,Lao PDR,Laos,Lao People's Democratic Republic,Laos,Laos,Lao PDR,Laos
Latvia,Latvia,Latvia,Latvia,Latvia,Latvia,Latvia,Latvia,Latvia,Latvia,Latvia,Latvia,Latvia,Latvia,Latvia,Latvia,Latvia,Latvia,Latvia,Latvia,Latvia,Latvia,Latvia,Latvia,Latvia,Latvia,Latvia,Latvia,Latvia,Latvia,Latvia,Latvia,NA,Latvia,Latvia
Lebanon,Lebanon,Lebanon,Lebanon,Lebanon,Lebanon,Lebanon,Lebanon,Lebanon,Lebanon,Lebanon,NA,NA,Lebanon,Lebanon,Lebanon,Lebanon,Lebanon,Lebanon,Lebanon,Lebanon,Lebanon,Lebanon,Lebanon,Lebanon,Lebanon,Lebanon,Lebanon,Lebanon,Lebanon,Lebanon,Lebanon,Lebanon,Lebanon,Lebanon
Lesotho,Lesotho,Lesotho,Lesotho,Lesotho,Lesotho,Lesotho,Lesotho,Lesotho,Lesotho,Lesotho,Lesotho,Lesotho,Lesotho,Lesotho,Lesotho,Lesotho,Lesotho,Lesotho,Lesotho,NA,Lesotho,Lesotho,Lesotho,Lesotho,Lesotho,Lesotho,Lesotho,Lesotho,Lesotho,Lesotho,Lesotho,Lesotho,Lesotho,Lesotho
Liberia,Liberia,Liberia,Liberia,Liberia,Liberia,Liberia,Liberia,Liberia,NA,Liberia,NA,NA,Liberia,Liberia,Liberia,Liberia,Liberia,Liberia,Liberia,NA,Liberia,Liberia,Liberia,Liberia,Liberia,Liberia,Liberia,Liberia,Liberia,Liberia,Liberia,Liberia,Liberia,Liberia
Libya,Libya,Libya,Libya,Libya,Libya,Libya,Libya,Libya,Libya,Libya,NA,NA,Libya,Libya,Libya,NA,Libya,NA,NA,NA,Libya,Libya,Libya,Libya,Libyan Arab Jamahiriya,Libya,Libya,Libya,Libya,Libya,Libya,NA,Libya,Libya
Liechtenstein,NA,NA,NA,Liechtenstein,Liechtenstein,Liechtenstein,Liechtenstein,Liechtenstein,NA,NA,NA,NA,NA,NA,NA,NA,NA,NA,NA,NA,Liechtenstein,Liechtenstein,Liechtenstein,Liechtenstein,NA,NA,NA,Liechtenstein,NA,NA,NA,NA,Liechtenstein,Liechtenstein
Lithuania,Lithuania,Lithuania,Lithuania,Lithuania,Lithuania,Lithuania,Lithuania,Lithuania,Lithuania,Lithuania,Lithuania,Lithuania,Lithuania,Lithuania,Lithuania,Lithuania,Lithuania,Lithuania,Lithuania,Lithuania,Lithuania,Lithuania,Lithuania,Lithuania,Lithuania,Lithuania,Lithuania,Lithuania,Lithuania,Lithuania,Lithuania,NA,Lithuania,Lithuania
Luxembourg,NA,NA,NA,Luxembourg,Luxembourg,Luxembourg,Luxembourg,Luxembourg,NA,NA,Luxembourg,Luxembourg,Luxembourg,Luxembourg,NA,Luxembourg,Luxembourg,Luxembourg,Luxembourg,Luxembourg,Luxembourg,Luxembourg,Luxembourg,Luxembourg,Luxembourg,Luxembourg,Luxembourg,Luxembourg,Luxembourg,Luxembourg,NA,NA,Luxembourg,Luxembourg
Macedonia,NA,NA,NA,"Macedonia, FYR",NA,NA,NA,North Macedonia,NA,NA,Macedonia,Macedonia,NA,North Macedonia,NA,NA,North Macedonia,NA,North Macedonia,North Macedonia,North Macedonia,NA,North Macedonia,NA,Macedonia TFYR,Macedonia,North Macedonia,North Macedonia,Macedonia,North Macedonia,NA,NA,North Macedonia,Macedonia
Madagascar,Madagascar,Madagascar,Madagascar,Madagascar,Madagascar,Madagascar,Madagascar,Madagascar,Madagascar,Madagascar,Madagascar,Madagascar,Madagascar,Madagascar,Madagascar,Madagascar,Madagascar,Madagascar,Madagascar,Madagascar,Madagascar,Madagascar,Madagascar,Madagascar,Madagascar,Madagascar,Madagascar,Madagascar,Madagascar,Madagascar,Madagascar,Madagascar,Madagascar,Madagascar
Malawi,Malawi,Malawi,Malawi,Malawi,Malawi,Malawi,Malawi,Malawi,Malawi,Malawi,Malawi,Malawi,Malawi,Malawi,Malawi,Malawi,Malawi,Malawi,Malawi,Malawi,Malawi,Malawi,Malawi,Malawi,Malawi,Malawi,Malawi,Malawi,Malawi,Malawi,Malawi,Malawi,Malawi,Malawi
Malaysia,Malaysia,Malaysia,Malaysia,Malaysia,Malaysia,Malaysia,Malaysia,Malaysia,Malaysia,Malaysia,Malaysia,Malaysia,Malaysia,Malaysia,Malaysia,Malaysia,Malaysia,Malaysia,Malaysia,Malaysia,Malaysia,Malaysia,Malaysia,Malaysia,Malaysia,Malaysia,Malaysia,Malaysia,Malaysia,Malaysia,Malaysia,Malaysia,Malaysia,Malaysia
Maldives,NA,NA,NA,Maldives,Maldives,Maldives,Maldives,Maldives,Maldives,NA,Maldives,Maldives,Maldives,Maldives,NA,Maldives,Maldives,Maldives,Maldives,Maldives,Maldives,Maldives,Maldives,Maldives,NA,Maldives,Maldives,Maldives,Maldives,Maldives,NA,Maldives,Maldives,Maldives
Mali,Mali,Mali,Mali,Mali,Mali,Mali,Mali,Mali,Mali,Mali,Mali,Mali,Mali,Mali,Mali,Mali,Mali,Mali,Mali,Mali,Mali,Mali,Mali,Mali,Mali,Mali,Mali,Mali,Mali,Mali,Mali,Mali,Mali,Mali
Malta,Malta,Malta,Malta,Malta,Malta,Malta,Malta,Malta,Malta,Malta,Malta,Malta,Malta,Malta,Malta,Malta,Malta,Malta,Malta,Malta,Malta,Malta,Malta,Malta,Malta,Malta,Malta,Malta,Malta,Malta,Malta,NA,Malta,Malta
Marshall Islands,NA,NA,NA,Marshall Islands,Marshall Islands,Marshall Islands,Marshall Islands,Marshall Islands,NA,NA,NA,NA,Marshall Islands,NA,NA,Marshall Islands,Marshall Islands,Marshall Islands,NA,NA,Marshall Islands,Marshall Islands,Marshall Islands,Marshall Islands,NA,Marshall Islands,Marshall Islands,Marshall Islands,Marshall Islands,Marshall Islands,NA,NA,Marshall Islands,Marshall Islands
Martinique,Martinique,Martinique,NA,NA,Martinique,Martinique,Martinique,Martinique,NA,NA,NA,NA,NA,NA,NA,NA,NA,NA,Martinique,NA,Martinique,Martinique,Martinique,Martinique,Martinique,NA,NA,NA,NA,Martinique,NA,NA,NA,NA
Mauritania,Mauritania,Mauritania,Mauritania,Mauritania,Mauritania,Mauritania,Mauritania,Mauritania,Mauritania,Mauritania,Mauritania,Mauritania,Mauritania,Mauritania,Mauritania,NA,Mauritania,NA,Mauritania,NA,Mauritania,Mauritania,Mauritania,Mauritania,Mauritania,Mauritania,Mauritania,Mauritania,Mauritania,Mauritania,Mauritania,Mauritania,Mauritania,Mauritania
Mauritius,Mauritius,Mauritius,Mauritius,Mauritius,Mauritius,Mauritius,Mauritius,Mauritius,Mauritius,Mauritius,Mauritius,Mauritius,Mauritius,Mauritius,Mauritius,Mauritius,Mauritius,Mauritius,Mauritius,Mauritius,Mauritius,Mauritius,Mauritius,Mauritius,Mauritius,Mauritius,Mauritius,Mauritius,Mauritius,Mauritius,Mauritius,Mauritius,Mauritius,Mauritius
Mexico,Mexico,Mexico,Mexico,Mexico,Mexico,Mexico,Mexico,Mexico,Mexico,Mexico,Mexico,Mexico,Mexico,Mexico,Mexico,Mexico,Mexico,Mexico,Mexico,Mexico,Mexico,Mexico,Mexico,Mexico,Mexico,Mexico,Mexico,Mexico,Mexico,Mexico,Mexico,Mexico,Mexico,Mexico
Micronesia,NA,NA,Micronesia,"Micronesia, Fed. Sts.",Micronesia (Federated States of),Micronesia,Micronesia (Federated States of),Micronesia (Federated States of),NA,Micronesia,NA,NA,Micronesia (Federated States of),NA,Micronesia,Micronesia,"Micronesia, Fed. Sts.",Micronesia (Federated States of),NA,NA,Micronesia (Federated States of),Micronesia (Federated States of),Micronesia (Federated States of),Micronesia (Federated States of),NA,Micronesia (country),Micronesia (Federated States of),"Micronesia, Fed. Sts.",Federated States of Micronesia,NA,Micronesia,NA,"Micronesia, Fed. Sts.",Micronesia
Moldova,Republic of Moldova,Republic of Moldova,Moldova,Moldova,Republic of Moldova,Moldova,Republic of Moldova,Republic of Moldova,Republic of Moldova,Moldova,Moldova,Moldova,Republic of Moldova,Republic of Moldova,Moldova,Republic of Moldova,Moldova,Republic of Moldova,NA,Republic of Moldova,Republic of Moldova,Republic of Moldova,Republic of Moldova,Republic of Moldova,Moldova,Moldova,Republic of Moldova,Moldova,Moldova,Republic of Moldova,Moldova,NA,Moldova,Moldova
Monaco,NA,NA,NA,Monaco,NA,NA,NA,NA,NA,NA,NA,NA,NA,Monaco,NA,NA,NA,NA,NA,NA,NA,NA,Monaco,Monaco,NA,NA,NA,Monaco,NA,NA,NA,NA,Monaco,NA
Mongolia,Mongolia,Mongolia,Mongolia,Mongolia,Mongolia,Mongolia,Mongolia,Mongolia,NA,Mongolia,Mongolia,Mongolia,Mongolia,Mongolia,Mongolia,Mongolia,Mongolia,Mongolia,Mongolia,Mongolia,Mongolia,Mongolia,Mongolia,Mongolia,Mongolia,Mongolia,Mongolia,Mongolia,Mongolia,Mongolia,Mongolia,Mongolia,Mongolia,Mongolia
Montenegro,NA,NA,NA,Montenegro,Montenegro,Montenegro,Montenegro,Montenegro,Montenegro,NA,Montenegro,Montenegro,Montenegro,Montenegro,NA,Montenegro,Montenegro,Montenegro,Montenegro,NA,Montenegro,Montenegro,Montenegro,Montenegro,Montenegro,Montenegro,Montenegro,Montenegro,Montenegro,Montenegro,NA,NA,Montenegro,Montenegro
Montserrat,NA,NA,NA,NA,Montserrat,Montserrat,Montserrat,Montserrat,NA,NA,NA,NA,NA,NA,NA,NA,NA,NA,Montserrat,NA,Montserrat,Montserrat,Montserrat,Montserrat,Montserrat,NA,NA,NA,NA,Montserrat,NA,NA,NA,NA
Morocco,Morocco,Morocco,Morocco,Morocco,Morocco,Morocco,Morocco,Morocco,Morocco,Morocco,Morocco,Morocco,Morocco,Morocco,Morocco,Morocco,Morocco,Morocco,Morocco,Morocco,Morocco,Morocco,Morocco,Morocco,Morocco,Morocco,Morocco,Morocco,Morocco,Morocco,Morocco,Morocco,Morocco,Morocco
Mozambique,Mozambique,Mozambique,Mozambique,Mozambique,Mozambique,Mozambique,Mozambique,Mozambique,Mozambique,Mozambique,Mozambique,Mozambique,Mozambique,Mozambique,Mozambique,Mozambique,Mozambique,Mozambique,Mozambique,Mozambique,Mozambique,Mozambique,Mozambique,Mozambique,Mozambique,Mozambique,Mozambique,Mozambique,Mozambique,Mozambique,Mozambique,Mozambique,Mozambique,Mozambique
Myanmar,Myanmar,Myanmar,Myanmar,Myanmar,Myanmar,Myanmar,Myanmar,Myanmar,Myanmar,Myanmar,Myanmar,Myanmar,Myanmar,Myanmar,Myanmar,Myanmar,Myanmar,Myanmar,NA,Myanmar,Myanmar,Myanmar,Myanmar,Myanmar,Myanmar,Myanmar,Myanmar,Myanmar,Myanmar,Myanmar,Myanmar,Myanmar,Myanmar,Myanmar
Namibia,Namibia,Namibia,Namibia,Namibia,Namibia,Namibia,Namibia,Namibia,Namibia,Namibia,Namibia,Namibia,Namibia,Namibia,Namibia,Namibia,Namibia,Namibia,Namibia,Namibia,Namibia,Namibia,Namibia,Namibia,NA,Namibia,Namibia,Namibia,Namibia,Namibia,Namibia,Namibia,Namibia,Namibia
Nauru,NA,NA,NA,Nauru,Nauru,NA,Nauru,Nauru,NA,NA,NA,NA,Nauru,NA,NA,NA,Nauru,Nepal,NA,NA,Nauru,Nauru,Nauru,Nauru,NA,Nauru,Nauru,Nauru,NA,Nauru,NA,NA,Nauru,Nauru
Nepal,Nepal,Nepal,Nepal,Nepal,Nepal,Nepal,Nepal,Nepal,Nepal,Nepal,Nepal,Nepal,Nepal,Nepal,Nepal,Nepal,Nepal,NA,NA,Nepal,Nepal,Nepal,Nepal,Nepal,Nepal,Nepal,Nepal,Nepal,Nepal,Nepal,Nepal,Nepal,Nepal,Nepal
Netherlands,Netherlands,Netherlands,Netherlands,Netherlands,Netherlands,Netherlands,Netherlands,Netherlands,Netherlands,Netherlands,Netherlands,Netherlands,Netherlands,Netherlands,Netherlands,Netherlands,Netherlands,Netherlands,Netherlands,Netherlands,Netherlands,Netherlands,Netherlands,Netherlands,Netherlands,Netherlands,Netherlands,Netherlands,Netherlands,Netherlands,Netherlands,NA,Netherlands,Netherlands
Netherlands Antilles,Netherlands Antilles (former),Netherlands Antilles (former),NA,NA,Netherlands Antilles (former),Netherlands Antilles,Netherlands Antilles (former),Netherlands Antilles (former),NA,NA,NA,NA,NA,NA,NA,NA,NA,NA,NA,NA,Netherlands Antilles (former),Netherlands Antilles (former),NA,Netherlands Antilles (former),NA,NA,NA,NA,NA,Netherlands Antilles (former),NA,NA,NA,NA
New Caledonia,New Caledonia,New Caledonia,New Caledonia (France),New Caledonia,New Caledonia,New Caledonia,New Caledonia,New Caledonia,New Caledonia,New Caledonia (France),NA,NA,New Caledonia,NA,New Caledonia (France),NA,New Caledonia,New Caledonia,New Caledonia,NA,New Caledonia,New Caledonia,New Caledonia,New Caledonia,NA,NA,New Caledonia,New Caledonia,NA,New Caledonia,New Caledonia (France),NA,New Caledonia,NA
New Zealand,New Zealand,New Zealand,New Zealand,New Zealand,New Zealand,New Zealand,New Zealand,New Zealand,New Zealand,New Zealand,NA,New Zealand,New Zealand,New Zealand,New Zealand,New Zealand,New Zealand,New Zealand,New Zealand,New Zealand,New Zealand,New Zealand,New Zealand,New Zealand,New Zealand,New Zealand,New Zealand,New Zealand,New Zealand,New Zealand,New Zealand,NA,New Zealand,New Zealand
Nicaragua,Nicaragua,Nicaragua,Nicaragua,Nicaragua,Nicaragua,Nicaragua,Nicaragua,Nicaragua,Nicaragua,Nicaragua,Nicaragua,Nicaragua,Nicaragua,Nicaragua,Nicaragua,NA,Nicaragua,NA,Nicaragua,Nicaragua,Nicaragua,Nicaragua,Nicaragua,Nicaragua,Nicaragua,Nicaragua,Nicaragua,Nicaragua,Nicaragua,Nicaragua,Nicaragua,Nicaragua,Nicaragua,Nicaragua
Niger,Niger,Niger,Niger,Niger,Niger,Niger,Niger,Niger,Niger,Niger,Niger,Niger,Niger,Niger,Niger,NA,Niger,Nigeria,Niger,Niger,Niger,Niger,Niger,Niger,Niger,Niger,Niger,Niger,Niger,Niger,Niger,Niger,Niger,Niger
Nigeria,Nigeria,Nigeria,Nigeria,Nigeria,Nigeria,Nigeria,Nigeria,Nigeria,Nigeria,Nigeria,Nigeria,Nigeria,Nigeria,Nigeria,Nigeria,Nigeria,Nigeria,NA,Nigeria,Nigeria,Nigeria,Nigeria,Nigeria,Nigeria,Nigeria,Nigeria,Nigeria,Nigeria,Nigeria,Nigeria,Nigeria,Nigeria,Nigeria,Nigeria
Niue,NA,NA,NA,NA,Niue,Niue,Niue,Niue,NA,NA,NA,NA,Niue,NA,NA,NA,NA,NA,NA,NA,Niue,Niue,Niue,Niue,NA,Niue,Niue,NA,NA,NA,NA,NA,NA,Niue
Norfolk Isalnd,NA,NA,NA,NA,Norfolk Island,NA,NA,NA,NA,NA,NA,NA,NA,NA,NA,NA,NA,NA,NA,NA,NA,Norfolk Island,NA,Norfolk Island,NA,NA,NA,NA,NA,NA,NA,NA,NA,NA
Norway,Norway,Norway,Norway,Norway,Norway,Norway,Norway,Norway,Norway,Norway,Norway,Norway,Norway,Norway,Norway,Norway,Norway,Norway,Norway,Norway,Norway,Norway,Norway,Norway,Norway,Norway,Norway,Norway,Norway,Norway,Norway,NA,Norway,Norway
Oman,Oman,Oman,Oman,Oman,Oman,Oman,Oman,Oman,Oman,Oman,Oman,Oman,Oman,Oman,Oman,Oman,Oman,Oman,Oman,NA,Oman,Oman,Oman,Oman,Oman,Oman,Oman,Oman,Oman,Oman,Oman,Oman,Oman,Oman
Pakistan,Pakistan,Pakistan,Pakistan,Pakistan,Pakistan,Pakistan,Pakistan,Pakistan,Pakistan,Pakistan,Pakistan,Pakistan,Pakistan,Pakistan,Pakistan,Pakistan,Pakistan,Pakistan,NA,Pakistan,Pakistan,Pakistan,Pakistan,Pakistan,Pakistan,Pakistan,Pakistan,Pakistan,Pakistan,Pakistan,Pakistan,Pakistan,Pakistan,Pakistan
Palau,NA,NA,NA,Palau,Palau,Palau,NA,NA,NA,NA,NA,NA,Palau,NA,NA,Palau,Palau,Palau,Palau,NA,NA,Palau,Palau,Palau,NA,Palau,Palau,Palau,NA,NA,NA,NA,Palau,Palau
Panama,Panama,Panama,Panama,Panama,Panama,Panama,Panama,Panama,Panama,Panama,Panama,Panama,Panama,Panama,Panama,Panama,Panama,Panama,Panama,Panama,Panama,Panama,Panama,Panama,Panama,Panama,Panama,Panama,Panama,Panama,Panama,Panama,Panama,Panama
Papua New Guinea,Papua New Guinea,Papua New Guinea,Papua New Guinea,Papua New Guinea,Papua New Guinea,Papua New Guinea,Papua New Guinea,Papua New Guinea,Papua New Guinea,Papua New Guinea,NA,NA,Papua New Guinea,Papua New Guinea,Papua New Guinea,Papua New Guinea,Papua New Guinea,Papua New Guinea,Papua New Guinea,Paraguay,Papua New Guinea,Papua New Guinea,Papua New Guinea,Papua New Guinea,Papua New Guinea,Papua New Guinea,Papua New Guinea,Papua New Guinea,Papua New Guinea,Papua New Guinea,Papua New Guinea,NA,Papua New Guinea,Papua New Guinea
Paraguay,Paraguay,Paraguay,Paraguay,Paraguay,Paraguay,Paraguay,Paraguay,Paraguay,Paraguay,Paraguay,Paraguay,Paraguay,Paraguay,Paraguay,Paraguay,Paraguay,Paraguay,Paraguay,Paraguay,NA,Paraguay,Paraguay,Paraguay,Paraguay,Paraguay,Paraguay,Paraguay,Paraguay,Paraguay,Paraguay,Paraguay,Paraguay,Paraguay,Paraguay
Peru,Peru,Peru,Peru,Peru,Peru,Peru,Peru,Peru,Peru,Peru,Peru,Peru,Peru,Peru,Peru,NA,Peru,NA,Peru,Peru,Peru,Peru,Peru,Peru,Peru,Peru,Peru,Peru,Peru,Peru,Peru,Peru,Peru,Peru
Philippines,Philippines,Philippines,Philippines,Philippines,Philippines,Philippines,Philippines,Philippines,NA,Philippines,Philippines,Philippines,Philippines,Philippines,Philippines,Philippines,Philippines,Philippines,Philippines,Philippines,Philippines,Philippines,Philippines,Philippines,Philippines,Philippines,Philippines,Philippines,Philippines,Philippines,Philippines,Philippines,Philippines,Philippines
Poland,Poland,Poland,Poland,Poland,Poland,Poland,Poland,Poland,Poland,Poland,Poland,Poland,Poland,Poland,Poland,Poland,Poland,Poland,Poland,Poland,Poland,Poland,Poland,Poland,Poland,Poland,Poland,Poland,Poland,Poland,Poland,NA,Poland,Poland
Portugal,Portugal,Portugal,Portugal,Portugal,Portugal,Portugal,Portugal,Portugal,Portugal,Portugal,Portugal,Portugal,Portugal,Portugal,Portugal,Portugal,Portugal,Portugal,Portugal,Portugal,Portugal,Portugal,Portugal,Portugal,Portugal,Portugal,Portugal,Portugal,Portugal,Portugal,Portugal,NA,Portugal,Portugal
Puerto Rico,NA,NA,Puerto Rico (USA),Puerto Rico,Puerto Rico,Puerto Rico,Puerto Rico,Puerto Rico,NA,Puerto Rico (USA),NA,NA,Puerto Rico,Puerto Rico,Puerto Rico (USA),NA,Puerto Rico,NA,Puerto Rico,Puerto Rico,Puerto Rico,Puerto Rico,Puerto Rico,Puerto Rico,NA,NA,Puerto Rico,Puerto Rico,Puerto Rico,NA,Puerto Rico (USA),NA,Puerto Rico,NA
Qatar,Qatar,Qatar,Qatar,Qatar,Qatar,Qatar,Qatar,Qatar,Qatar,Qatar,Qatar,Qatar,Qatar,Qatar,Qatar,Qatar,Qatar,Qatar,Qatar,Qatar,Qatar,Qatar,Qatar,Qatar,Qatar,Qatar,Qatar,Qatar,Qatar,Qatar,Qatar,NA,Qatar,Qatar
Reunion,R茅union,R茅union,Runion (France),NA,R茅union,Reunion,R茅union,R茅union,NA,Runion (France),NA,NA,NA,NA,Runion (France),NA,NA,NA,NA,NA,R茅union,R茅union,R茅union,R茅union,R茅union,NA,NA,NA,NA,R茅union,Runion (France),NA,NA,NA
Romania,Romania,Romania,Romania,Romania,Romania,Romania,Romania,Romania,Romania,Romania,Romania,Romania,Romania,Romania,Romania,Romania,Romania,Romania,Romania,Romania,Romania,Romania,Romania,Romania,Romania,Romania,Romania,Romania,Romania,Romania,Romania,NA,Romania,Romania
Russian Federation,Russian Federation,Russian Federation,Russian Federation,Russian Federation,Russian Federation,Russian Federation,Russian Federation,Russian Federation,Russian Federation,Russian Federation,Russia,Russia,Russian Federation,Russian Federation,Russian Federation,Russian Federation,Russian Federation,Russian Federation,Russian Federation,Russian Federation,Russian Federation,Russian Federation,Russian Federation,Russian Federation,Russian Federation,Russia,Russian Federation,Russian Federation,Russian Federation,Russian Federation,Russian Federation,NA,Russian Federation,Russia
Rwanda,Rwanda,Rwanda,Rwanda,Rwanda,Rwanda,Rwanda,Rwanda,Rwanda,Rwanda,Rwanda,Rwanda,Rwanda,Rwanda,Rwanda,Rwanda,Rwanda,Rwanda,Rwanda,Rwanda,Rwanda,Rwanda,Rwanda,Rwanda,Rwanda,Rwanda,Rwanda,Rwanda,Rwanda,Rwanda,Rwanda,Rwanda,Rwanda,Rwanda,Rwanda
"Saint Helena, Ascension and Tristan da Cunha",NA,NA,NA,NA,"Saint Helena, Ascension and Tristan da Cunha","Saint Helena, Ascension and Tristan da Cunha",NA,NA,NA,NA,NA,NA,NA,NA,NA,NA,NA,NA,NA,NA,NA,"Saint Helena, Ascension and Tristan da Cunha",NA,"Saint Helena, Ascension and Tristan da Cunha",NA,NA,NA,NA,NA,NA,NA,NA,NA,NA
Saint Kitts and Nevis,Saint Kitts and Nevis,Saint Kitts and Nevis,NA,St. Kitts and Nevis,Saint Kitts and Nevis,Saint Kitts and Nevis,Saint Kitts and Nevis,Saint Kitts and Nevis,Saint Kitts and Nevis,NA,Saint Kitts and Nevis,Saint Kitts and Nevis,Saint Kitts and Nevis,Saint Kitts and Nevis,NA,NA,St. Kitts and Nevis,Saint Kitts and Nevis,Saint Kitts and Nevis,NA,Saint Kitts and Nevis,Saint Kitts and Nevis,Saint Kitts and Nevis,Saint Kitts and Nevis,NA,Saint Kitts and Nevis,Saint Kitts and Nevis,St. Kitts and Nevis,NA,Saint Kitts and Nevis,NA,NA,St. Kitts and Nevis,Saint Kitts and Nevis
Saint Lucia,Saint Lucia,Saint Lucia,NA,St. Lucia,Saint Lucia,Saint Lucia,Saint Lucia,Saint Lucia,Saint Lucia,NA,Saint Lucia,Saint Lucia,Saint Lucia,Saint Lucia,NA,NA,St. Lucia,NA,Saint Lucia,Saint Lucia,Saint Lucia,Saint Lucia,Saint Lucia,Saint Lucia,Saint Lucia,Saint Lucia,Saint Lucia,St. Lucia,Saint Lucia,Saint Lucia,NA,NA,St. Lucia,Saint Lucia
Saint Pierre and Miquelon,NA,NA,NA,NA,Saint Pierre and Miquelon,Saint Pierre and Miquelon,Saint Pierre and Miquelon,Saint Pierre and Miquelon,NA,NA,NA,NA,NA,NA,NA,NA,NA,NA,NA,NA,Saint Pierre and Miquelon,Saint Pierre and Miquelon,NA,Saint Pierre and Miquelon,NA,NA,NA,NA,NA,NA,NA,NA,NA,NA
Saint Vincent and the Grenadines,Saint Vincent and the Grenadines,Saint Vincent and the Grenadines,NA,St. Vincent and the Grenadines,Saint Vincent and the Grenadines,Saint Vincent and the Grenadines,Saint Vincent and the Grenadines,Saint Vincent and the Grenadines,NA,NA,Saint Vincent and the Grenadines,Saint Vincent and the Grenadines,Saint Vincent and the Grenadines,Saint Vincent and the Grenadines,NA,Saint Vincent and the Grenadines,St. Vincent and the Grenadines,Saint Vincent and the Grenadines,Saint Vincent and the Grenadines,NA,Saint Vincent and the Grenadines,Saint Vincent and the Grenadines,Saint Vincent and the Grenadines,Saint Vincent and the Grenadines,NA,Saint Vincent and the Grenadines,Saint Vincent and the Grenadines,St. Vincent and the Grenadines,Saint Vincent and the Grenadines,Saint Vincent and the Grenadines,NA,Saint Vincent and the Grenadines,St. Vincent and the Grenadines,Saint Vincent and the Grenadines
Samoa,Samoa,Samoa,NA,Samoa,Samoa,Samoa,Samoa,Samoa,Samoa,NA,NA,NA,Samoa,NA,NA,Samoa,Samoa,Samoa,Samoa,NA,Samoa,Samoa,Samoa,Samoa,Samoa,Samoa,Samoa,Samoa,Samoa,Samoa,NA,Samoa,Samoa,Samoa
San Marino,San Marino,San Marino,NA,San Marino,San Marino,San Marino,NA,NA,NA,NA,NA,NA,NA,NA,NA,San Marino,NA,San Marino,NA,NA,NA,San Marino,San Marino,San Marino,NA,NA,NA,San Marino,NA,San Marino,NA,NA,San Marino,NA
Sao Tome and Principe,NA,NA,Sao Tome and Principe,Sao Tome and Principe,Sao Tome and Principe,Sao Tome and Principe,Sao Tome and Principe,Sao Tome and Principe,NA,Sao Tome and Principe,Sao Tome and Principe,Sao Tome and Principe,Sao Tome and Principe,Sao Tome and Principe,Sao Tome and Principe,Sao Tome and Principe,Sao Tome and Principe,Sao Tome and Principe,NA,NA,Sao Tome and Principe,Sao Tome and Principe,Sao Tome and Principe,Sao Tome and Principe,Sao Tome and Principe,Sao Tome and Principe,Sao Tome and Principe,Sao Tome and Principe,Sao Tome and Principe,Sao Tome and Principe,Sao Tome and Principe,Sao Tome and Principe,Sao Tome and Principe,Sao Tome and Principe
Saudi Arabia,Saudi Arabia,Saudi Arabia,Saudi Arabia,Saudi Arabia,Saudi Arabia,Saudi Arabia,Saudi Arabia,Saudi Arabia,Saudi Arabia,Saudi Arabia,Saudi Arabia,Saudi Arabia,Saudi Arabia,Saudi Arabia,Saudi Arabia,NA,Saudi Arabia,NA,NA,Saudi Arabia,Saudi Arabia,Saudi Arabia,Saudi Arabia,Saudi Arabia,Saudi Arabia,Saudi Arabia,Saudi Arabia,Saudi Arabia,Saudi Arabia,Saudi Arabia,Saudi Arabia,Saudi Arabia,Saudi Arabia,Saudi Arabia
Senegal,Senegal,Senegal,Senegal,Senegal,Senegal,Senegal,Senegal,Senegal,Senegal,Senegal,Senegal,Senegal,Senegal,Senegal,Senegal,NA,Senegal,NA,Senegal,Senegal,Senegal,Senegal,Senegal,Senegal,Senegal,Senegal,Senegal,Senegal,Senegal,Senegal,NA,Senegal,Senegal,Senegal
Serbia,NA,NA,NA,Serbia,Serbia,Serbia,Serbia,Serbia,NA,NA,Serbia,Serbia,Serbia,Serbia,NA,Serbia,Serbia,Serbia,Serbia,Serbia,Serbia,Serbia,Serbia,Serbia,Serbia,Serbia,Serbia,Serbia,Serbia,Serbia,NA,NA,Serbia,Serbia
Serbia and Montenegro,Serbia and Montenegro,Serbia and Montenegro,NA,NA,Serbia and Montenegro,Serbia and Montenegro,Serbia and Montenegro,Serbia and Montenegro,Serbia and Montenegro,NA,NA,NA,NA,NA,NA,NA,NA,NA,NA,Serbia and Montenegro,Serbia and Montenegro,Serbia and Montenegro,NA,Serbia and Montenegro,Serbia and Montenegro,NA,NA,NA,NA,Serbia and Montenegro,NA,NA,NA,NA
Seychelles,Seychelles,Seychelles,Seychelles,Seychelles,Seychelles,Seychelles,Seychelles,Seychelles,Seychelles,Seychelles,Seychelles,Seychelles,Seychelles,Seychelles,Seychelles,Seychelles,Seychelles,Seychelles,Seychelles,NA,Seychelles,Seychelles,Seychelles,Seychelles,NA,Seychelles,Seychelles,Seychelles,Seychelles,Seychelles,Seychelles,NA,Seychelles,Seychelles
Sierra Leone,Sierra Leone,Sierra Leone,Sierra Leone,Sierra Leone,Sierra Leone,Sierra Leone,Sierra Leone,Sierra Leone,NA,Sierra Leone,Sierra Leone,Sierra Leone,Sierra Leone,Sierra Leone,Sierra Leone,NA,Sierra Leone,NA,Sierra Leone,NA,Sierra Leone,Sierra Leone,Sierra Leone,Sierra Leone,Sierra Leone,Sierra Leone,Sierra Leone,Sierra Leone,Sierra Leone,Sierra Leone,Sierra Leone,Sierra Leone,Sierra Leone,Sierra Leone
Singapore,Singapore,Singapore,Singapore,Singapore,Singapore,Singapore,Singapore,Singapore,NA,Singapore,Singapore,Singapore,Singapore,Singapore,Singapore,Singapore,Singapore,Singapore,Singapore,Singapore,Singapore,Singapore,Singapore,Singapore,Singapore,Singapore,Singapore,Singapore,Singapore,Singapore,Singapore,NA,Singapore,Singapore
Slovakia,Slovakia,Slovakia,NA,Slovak Republic,Slovakia,Slovakia,Slovakia,Slovakia,Slovakia,NA,Slovakia,Slovakia,Slovakia,Slovakia,NA,Slovakia,Slovak Republic,Slovakia,Slovakia,Slovakia,Slovakia,Slovakia,Slovakia,Slovakia,Slovakia,Slovakia,Slovakia,Slovak Republic,Slovakia,Slovakia,NA,NA,Slovak Republic,Slovakia
Slovenia,Slovenia,Slovenia,NA,Slovenia,Slovenia,Slovenia,Slovenia,Slovenia,Slovenia,NA,Slovenia,Slovenia,Slovenia,Slovenia,NA,Slovenia,Slovenia,Slovenia,Slovenia,Slovenia,Slovenia,Slovenia,Slovenia,Slovenia,Slovenia,Slovenia,Slovenia,Slovenia,Slovenia,Slovenia,NA,NA,Slovenia,Slovenia
Solomon Islands,NA,NA,Solomon Islands,Solomon Islands,Solomon Islands,Solomon Islands,Solomon Islands,Solomon Islands,NA,Solomon Islands,NA,NA,Solomon Islands,NA,Solomon Islands,Solomon Islands,Solomon Islands,Solomon Islands,Solomon Islands,NA,Solomon Islands,Solomon Islands,Solomon Islands,Solomon Islands,Solomon Islands,Solomon Islands,Solomon Islands,Solomon Islands,Solomon Islands,NA,Solomon Islands,Solomon Islands,Solomon Islands,Solomon Islands
Somalia,Somalia,Somalia,Somalia,Somalia,Somalia,Somalia,Somalia,Somalia,NA,Somalia,NA,NA,Somalia,Somalia,Somalia,NA,Somalia,NA,NA,NA,Somalia,Somalia,Somalia,Somalia,Somalia,Somalia,Somalia,Somalia,Somalia,Somalia,Somalia,NA,Somalia,Somalia
South Africa,South Africa,South Africa,South Africa,South Africa,South Africa,South Africa,South Africa,South Africa,South Africa,South Africa,South Africa,South Africa,South Africa,South Africa,South Africa,South Africa,South Africa,South Africa,South Africa,South Africa,South Africa,South Africa,South Africa,South Africa,South Africa,South Africa,South Africa,South Africa,South Africa,South Africa,South Africa,South Africa,South Africa,South Africa
South Sudan,NA,NA,NA,South Sudan,South Sudan,NA,NA,NA,NA,NA,NA,NA,South Sudan,South Sudan,NA,NA,South Sudan,NA,South Sudan,NA,NA,South Sudan,South Sudan,South Sudan,South Sudan,NA,South Sudan,South Sudan,South Sudan,NA,NA,NA,South Sudan,NA
Spain,Spain,Spain,Spain,Spain,Spain,Spain,Spain,Spain,Spain,Spain,Spain,Spain,Spain,Spain,Spain,Spain,Spain,Spain,Spain,Spain,Spain,Spain,Spain,Spain,Spain,Spain,Spain,Spain,Spain,Spain,Spain,NA,Spain,Spain
Sri Lanka,Sri Lanka,Sri Lanka,Sri Lanka,NA,Sri Lanka,Sri Lanka,Sri Lanka,Sri Lanka,Sri Lanka,Sri Lanka,Sri Lanka,Sri Lanka,Sri Lanka,Sri Lanka,Sri Lanka,Sri Lanka,Sri Lanka,Sri Lanka,NA,Sri Lanka,Sri Lanka,Sri Lanka,Sri Lanka,Sri Lanka,Sri Lanka,Sri Lanka,Sri Lanka,Sri Lanka,Sri Lanka,Sri Lanka,Sri Lanka,Sri Lanka,Sri Lanka,Sri Lanka
Sudan,NA,NA,NA,Sudan,Sudan,Sudan,NA,NA,Sudan,NA,NA,NA,Sudan,Sudan,NA,NA,Sudan,NA,NA,NA,NA,Sudan,Sudan,Sudan,Sudan,NA,Sudan,Sudan,Sudan,Sudan,NA,NA,Sudan,Sudan
Sudan (former),Sudan (former),Sudan (former),"Sudan, former",NA,Sudan (former),Sudan (former),Sudan (former),Sudan (former),Sudan (former),"Sudan, former",NA,NA,NA,NA,"Sudan, former",NA,NA,NA,NA,Sudan (former),Sudan (former),Sudan (former),NA,NA,Sudan (former),Sudan (former),NA,NA,NA,Sudan (former),"Sudan, former",NA,NA,NA
Suriname,Suriname,Suriname,Suriname,Suriname,Suriname,Suriname,Suriname,Suriname,Suriname,Suriname,Suriname,Suriname,Suriname,Suriname,Suriname,NA,Suriname,NA,Suriname,Suriname,Suriname,Suriname,Suriname,NA,Suriname,Suriname,Suriname,Suriname,Suriname,Suriname,Suriname,Suriname,Suriname,Suriname
Swaziland,Swaziland,Swaziland,Swaziland,Swaziland,Swaziland,NA,Swaziland,Swaziland,NA,Swaziland,NA,Eswatini,Swaziland,Eswatini,Swaziland,Eswatini,Eswatini,Eswatini,Eswatini,NA,Swaziland,Swaziland,Eswatini,Swaziland,Eswatini,Swaziland,Eswatini,Eswatini,Swaziland,Eswatini,Swaziland,Swaziland,Eswatini,Eswatini
Sweden,Sweden,Sweden,Sweden,Sweden,Sweden,Sweden,Sweden,Sweden,Sweden,Sweden,Sweden,Sweden,Sweden,Sweden,Sweden,Sweden,Sweden,Sweden,Sweden,Sweden,Sweden,Sweden,Sweden,Sweden,Sweden,Sweden,Sweden,Sweden,Sweden,Sweden,Sweden,NA,Sweden,Sweden
Switzerland,Switzerland,Switzerland,Switzerland,Switzerland,Switzerland,Switzerland,Switzerland,Switzerland,Switzerland,Switzerland,Switzerland,Switzerland,Switzerland,Switzerland,Switzerland,Switzerland,Switzerland,Switzerland,Switzerland,Switzerland,Switzerland,Switzerland,Switzerland,Switzerland,Switzerland,Switzerland,Switzerland,Switzerland,Switzerland,Switzerland,Switzerland,NA,Switzerland,Switzerland
Syria,Syrian Arab Republic,Syrian Arab Republic,Syria,Syrian Arab Republic,Syrian Arab Republic,Syria,Syrian Arab Republic,Syrian Arab Republic,Syrian Arab Republic,Syria,NA,NA,Syrian Arab Republic,Syrian Arab Republic,Syria,Syrian Arab Republic,Syrian Arab Republic,Syrian Arab Republic,NA,Syrian Arab Republic,Syrian Arab Republic,Syrian Arab Republic,Syrian Arab Republic,Syrian Arab Republic,Syrian Arab Republic,Syria,Syrian Arab Republic,Syrian Arab Republic,Syria,Syrian Arab Republic,Syria,NA,Syrian Arab Republic,Syria
Tajikistan,Tajikistan,Tajikistan,Tajikistan,Tajikistan,Tajikistan,Tajikistan,Tajikistan,Tajikistan,Tajikistan,Tajikistan,NA,NA,Tajikistan,Tajikistan,Tajikistan,NA,Tajikistan,NA,Tajikistan,Tajikistan,Tajikistan,Tajikistan,Tajikistan,Tajikistan,Tajikistan,Tajikistan,Tajikistan,Tajikistan,Tajikistan,Tajikistan,Tajikistan,Tajikistan,Tajikistan,Tajikistan
Tanzania,United Republic of Tanzania,United Republic of Tanzania,Tanzania,Tanzania,United Republic of Tanzania,Tanzania,United Republic of Tanzania,United Republic of Tanzania,United Republic of Tanzania,Tanzania,Tanzania,Tanzania,NA,United Republic of Tanzania,Tanzania,United Republic of Tanzania,Tanzania,United Republic of Tanzania,United Republic of Tanzania,United Republic of Tanzania,United Republic of Tanzania,United Republic of Tanzania,United Republic of Tanzania,United Republic of Tanzania,"Tanzania, United Republic of",Tanzania,United Republic of Tanzania,Tanzania,Tanzania,United Republic of Tanzania,Tanzania,Tanzania,Tanzania,Tanzania
Thailand,Thailand,Thailand,Thailand,Thailand,Thailand,Thailand,Thailand,Thailand,Thailand,Thailand,Thailand,Thailand,Thailand,Thailand,Thailand,Thailand,Thailand,Thailand,NA,Thailand,Thailand,Thailand,Thailand,Thailand,Thailand,Thailand,Thailand,Thailand,Thailand,Thailand,Thailand,Thailand,Thailand,Thailand
Timor-Leste,NA,NA,Timor Leste,Timor-Leste,Timor-Leste,Timor-Leste,Timor-Leste,Timor-Leste,Timor-Leste,Timor Leste,NA,NA,Timor-Leste,Timor-Leste,Timor Leste,Timor-Leste,Timor-Leste,Timor-Leste,NA,NA,Timor-Leste,Timor-Leste,Timor-Leste,Timor-Leste,Timor-Leste,Timor,Timor-Leste,Timor-Leste,Timor-Leste,NA,Timor Leste,Timor,Timor-Leste,NA
Togo,Togo,Togo,Togo,Togo,Togo,Togo,Togo,Togo,Togo,Togo,Togo,Togo,Togo,Togo,Togo,Togo,Togo,Togo,Togo,Togo,Togo,Togo,Togo,Togo,Togo,Togo,Togo,Togo,Togo,Togo,Togo,Togo,Togo,Togo
Tokelau,NA,NA,NA,NA,Tokelau,NA,Tokelau,Tokelau,NA,NA,NA,NA,Tokelau,NA,NA,NA,NA,NA,NA,NA,Tokelau,Tokelau,Tokelau,Tokelau,NA,NA,Tokelau,NA,NA,NA,NA,NA,NA,NA
Tonga,Tonga,Tonga,NA,Tonga,Tonga,Tonga,Tonga,Tonga,Tonga,NA,NA,NA,Tonga,NA,NA,NA,Tonga,NA,Tonga,NA,Tonga,Tonga,Tonga,Tonga,Tonga,Tonga,Tonga,Tonga,Tonga,Tonga,NA,NA,Tonga,Tonga
Trinidad and Tobago,Trinidad and Tobago,Trinidad and Tobago,Trinidad and Tobago,Trinidad and Tobago,Trinidad and Tobago,Trinidad and Tobago,Trinidad and Tobago,Trinidad and Tobago,Trinidad and Tobago,Trinidad and Tobago,Trinidad and Tobago,Trinidad and Tobago,Trinidad and Tobago,Trinidad and Tobago,Trinidad and Tobago,Trinidad and Tobago,Trinidad and Tobago,Trinidad and Tobago,Trinidad and Tobago,Trinidad and Tobago,Trinidad and Tobago,Trinidad and Tobago,Trinidad and Tobago,Trinidad and Tobago,Trinidad and Tobago,Trinidad and Tobago,Trinidad and Tobago,Trinidad and Tobago,Trinidad and Tobago,Trinidad and Tobago,Trinidad and Tobago,Trinidad and Tobago,Trinidad and Tobago,Trinidad and Tobago
Tunisia,Tunisia,Tunisia,Tunisia,Tunisia,Tunisia,Tunisia,Tunisia,Tunisia,Tunisia,Tunisia,Tunisia,Tunisia,Tunisia,Tunisia,Tunisia,Tunisia,Tunisia,Tunisia,Tunisia,Tunisia,Tunisia,Tunisia,Tunisia,Tunisia,Tunisia,Tunisia,Tunisia,Tunisia,Tunisia,Tunisia,Tunisia,Tunisia,Tunisia,Tunisia
Turkey,Turkey,Turkey,Turkey,Turkey,Turkey,Turkey,Turkey,Turkey,Turkey,Turkey,Turkey,Turkey,Turkey,Turkey,Turkey,Turkey,Turkey,Turkey,Turkey,Turkey,Turkey,Turkey,Turkey,Turkey,Turkey,Turkey,Turkey,Turkey,Turkey,Turkey,Turkey,Turkey,Turkey,Turkey
Turkmenistan,Turkmenistan,Turkmenistan,Turkmenistan,NA,Turkmenistan,Turkmenistan,Turkmenistan,Turkmenistan,Turkmenistan,Turkmenistan,NA,NA,Turkmenistan,Turkmenistan,Turkmenistan,NA,Turkmenistan,NA,NA,Turkmenistan,Turkmenistan,Turkmenistan,Turkmenistan,Turkmenistan,Turkmenistan,Turkmenistan,Turkmenistan,Turkmenistan,Turkmenistan,Turkmenistan,Turkmenistan,Turkmenistan,Turkmenistan,Turkmenistan
Turks and Caicos Islands,NA,NA,NA,Turks and Caicos Islands,Turks and Caicos Islands,Turks and Caicos Islands,NA,NA,NA,NA,NA,NA,NA,NA,NA,NA,Turks and Caicos Islands,NA,NA,NA,NA,Turks and Caicos Islands,Turks and Caicos Islands,Turks and Caicos Islands,NA,NA,NA,Turks and Caicos Islands,NA,NA,NA,NA,Turks and Caicos Islands,NA
Tuvalu,NA,NA,NA,Tuvalu,Tuvalu,NA,Tuvalu,Tuvalu,NA,NA,NA,NA,Tuvalu,NA,NA,NA,Tuvalu,NA,NA,NA,Tuvalu,Tuvalu,Tuvalu,NA,NA,Tuvalu,Tuvalu,Tuvalu,NA,NA,NA,NA,Tuvalu,Tuvalu
Uganda,Uganda,Uganda,Uganda,Uganda,Uganda,Uganda,Uganda,Uganda,Uganda,Uganda,Uganda,Uganda,Uganda,Uganda,Uganda,Uganda,Uganda,Uganda,Uganda,NA,Uganda,Uganda,Uganda,Uganda,Uganda,Uganda,Uganda,Uganda,Uganda,Uganda,Uganda,Uganda,Uganda,Uganda
Ukraine,Ukraine,Ukraine,Ukraine,Ukraine,Ukraine,Ukraine,Ukraine,Ukraine,Ukraine,Ukraine,NA,Ukraine,Ukraine,Ukraine,Ukraine,Ukraine,Ukraine,Ukraine,Ukraine,Ukraine,Ukraine,Ukraine,Ukraine,Ukraine,Ukraine,Ukraine,Ukraine,Ukraine,Ukraine,Ukraine,Ukraine,NA,Ukraine,Ukraine
United Arab Emirates,United Arab Emirates,United Arab Emirates,United Arab Emirates,United Arab Emirates,United Arab Emirates,United Arab Emirates,United Arab Emirates,United Arab Emirates,NA,United Arab Emirates,NA,NA,United Arab Emirates,United Arab Emirates,United Arab Emirates,United Arab Emirates,United Arab Emirates,United Arab Emirates,United Arab Emirates,NA,United Arab Emirates,United Arab Emirates,United Arab Emirates,United Arab Emirates,United Arab Emirates,United Arab Emirates,United Arab Emirates,United Arab Emirates,United Arab Emirates,United Arab Emirates,United Arab Emirates,United Arab Emirates,United Arab Emirates,United Arab Emirates
United Kingdom,United Kingdom,United Kingdom,United Kingdom,United Kingdom,United Kingdom,United Kingdom,United Kingdom,United Kingdom,United Kingdom,United Kingdom,NA,United Kingdom,United Kingdom,United Kingdom,United Kingdom,United Kingdom of Great Britain and Northern Ireland,United Kingdom,United Kingdom,United Kingdom,United Kingdom,United Kingdom,United Kingdom,United Kingdom of Great Britain and Northern Ireland,United Kingdom,United Kingdom,United Kingdom,United Kingdom,United Kingdom,United Kingdom,United Kingdom,United Kingdom,NA,United Kingdom,United Kingdom
United States,United States of America,United States of America,United States ,United States,United States of America,United States,United States of America,United States of America,United States of America,United States ,United States,United States of America,United States of America,United States of America,United States ,NA,United States,NA,United States of America,United States of America,United States of America,United States of America,United States of America,United States of America,United States of America,United States,United States of America,United States,United States,United States of America,United States ,NA,United States,United States
United States Virgin Islands,United States Virgin Islands,United States Virgin Islands,NA,Virgin Islands (U.S.),United States Virgin Islands,United States Virgin Islands,United States Virgin Islands,United States Virgin Islands,NA,NA,NA,NA,NA,NA,NA,NA,NA,NA,NA,NA,United States Virgin Islands,United States Virgin Islands,United States Virgin Islands,United States Virgin Islands,NA,NA,NA,Virgin Islands (U.S.),"Virgin Islands, U.S.",United States Virgin Islands,NA,NA,Virgin Islands (U.S.),NA
Uruguay,Uruguay,Uruguay,Uruguay,Uruguay,Uruguay,Uruguay,Uruguay,Uruguay,Uruguay,Uruguay,Uruguay,Uruguay,Uruguay,Uruguay,Uruguay,Uruguay,Uruguay,Uruguay,Uruguay,Uruguay,Uruguay,Uruguay,Uruguay,Uruguay,Uruguay,Uruguay,Uruguay,Uruguay,Uruguay,Uruguay,Uruguay,Uruguay,Uruguay,Uruguay
Uzbekistan,Uzbekistan,Uzbekistan,Uzbekistan,Uzbekistan,Uzbekistan,Uzbekistan,Uzbekistan,Uzbekistan,NA,Uzbekistan,NA,NA,Uzbekistan,Uzbekistan,Uzbekistan,Uzbekistan,Uzbekistan,Uzbekistan,NA,NA,Uzbekistan,Uzbekistan,Uzbekistan,Uzbekistan,Uzbekistan,Uzbekistan,Uzbekistan,Uzbekistan,Uzbekistan,Uzbekistan,Uzbekistan,Uzbekistan,Uzbekistan,Uzbekistan
Vanuatu,NA,NA,Vanuatu,Vanuatu,Vanuatu,Vanuatu,Vanuatu,Vanuatu,Vanuatu,Vanuatu,NA,NA,NA,NA,Vanuatu,Vanuatu,Vanuatu,Vanuatu,Vanuatu,Vanuatu,Vanuatu,Vanuatu,Vanuatu,Vanuatu,NA,Vanuatu,Vanuatu,Vanuatu,Vanuatu,Vanuatu,Vanuatu,Vanuatu,Vanuatu,Vanuatu
Venezuela,Venezuela (Bolivarian Republic of),Venezuela (Bolivarian Republic of),Venezuela,"Venezuela, RB",Venezuela (Bolivarian Republic of),Venezuela,Venezuela (Bolivarian Republic of),Venezuela (Bolivarian Republic of),Venezuela (Bolivarian Republic of),Venezuela,NA,Venezuela,Venezuela (Bolivarian Republic of),Venezuela (Bolivarian Republic of),Venezuela,NA,"Venezuela, RB",NA,NA,Venezuela (Bolivarian Republic of),Venezuela (Bolivarian Republic of),Venezuela (Bolivarian Republic of),Venezuela (Bolivarian Republic of),Venezuela (Bolivarian Republic of),"Venezuela, Bolivarian Republic of",Venezuela,Venezuela (Bolivarian Republic of),"Venezuela, RB",Venezuela,Venezuela (Bolivarian Republic of),Venezuela,Venezuela,"Venezuela, RB",Venezuela
Vietnam,Viet Nam,Viet Nam,Viet Nam,Vietnam,Viet Nam,Vietnam,Viet Nam,Viet Nam,Viet Nam,Viet Nam,NA,NA,Viet Nam,Viet Nam,Viet Nam,Viet Nam,Vietnam,Viet Nam,Viet Nam,Viet Nam,Viet Nam,Viet Nam,Viet Nam,Viet Nam,Viet Nam,Vietnam,Viet Nam,Vietnam,Vietnam,Viet Nam,Viet Nam,Vietnam,Vietnam,Vietnam
Wallis and Futuna Islands,NA,NA,NA,NA,Wallis and Futuna Islands,Wallis and Futuna Islands,Wallis and Futuna Islands,Wallis and Futuna Islands,NA,NA,NA,NA,NA,NA,NA,NA,NA,NA,NA,NA,Wallis and Futuna Islands,Wallis and Futuna Islands,NA,NA,NA,NA,NA,NA,NA,NA,NA,NA,NA,NA
Yemen,Yemen,Yemen,Yemen,"Yemen, Rep.",Yemen,Yemen,Yemen,Yemen,Yemen,Yemen,Yemen,Yemen,Yemen,Yemen,Yemen,NA,"Yemen, Rep.",NA,NA,Yemen,Yemen,Yemen,Yemen,Yemen,Yemen,NA,Yemen,"Yemen, Rep.",Yemen,Yemen,Yemen,Yemen,"Yemen, Rep.",Yemen
Yugoslav SFR,Yugoslav SFR,Yugoslav SFR,"Yugoslavia, former",NA,Yugoslav SFR,Yugoslav SFR,NA,NA,Yugoslav SFR,"Yugoslavia, former",NA,NA,The former Yugoslav Republic of Macedonia,NA,"Yugoslavia, former",NA,NA,NA,NA,NA,NA,Yugoslav SFR,NA,Yugoslav SFR,Yugoslav SFR,NA,NA,NA,NA,Yugoslav SFR,"Yugoslavia, former",NA,NA,NA
Zambia,Zambia,Zambia,Zambia,Zambia,Zambia,Zambia,Zambia,Zambia,Zambia,Zambia,Zambia,Zambia,Zambia,Zambia,Zambia,Zambia,Zambia,Zambia,NA,Zambia,Zambia,Zambia,Zambia,Zambia,Zambia,Zambia,Zambia,Zambia,Zambia,Zambia,Zambia,Zambia,Zambia,Zambia
Zimbabwe,Zimbabwe,Zimbabwe,Zimbabwe,Zimbabwe,Zimbabwe,Zimbabwe,Zimbabwe,Zimbabwe,Zimbabwe,Zimbabwe,NA,NA,Zimbabwe,Zimbabwe,Zimbabwe,NA,Zimbabwe,Zimbabwe,Zimbabwe,Zimbabwe,Zimbabwe,Zimbabwe,Zimbabwe,Zimbabwe,Zimbabwe,NA,Zimbabwe,Zimbabwe,Zimbabwe,Zimbabwe,Zimbabwe,Zimbabwe,Zimbabwe,Zimbabwe
